data_id,y_pred,markov_blanket_pred
data_199180bb,"[-0.8311597108840942, -0.057097531855106354, 0.06068197265267372, -0.4322051405906677, 0.5043984651565552, -1.5514655113220215, -1.3555793762207031, -0.45449066162109375, -1.114199161529541, -0.931523323059082, -0.4696836471557617, -0.36310243606567383, 0.12703102827072144, -1.238349199295044, -0.9560433626174927, -0.8193425536155701, -0.8339656591415405, 0.14950057864189148, -0.13836072385311127, -1.3680648803710938, 0.7963970899581909, -0.006491689942777157, -0.17637228965759277, -0.8901015520095825, -1.5011005401611328, 0.42704761028289795, -1.2345809936523438, -0.7798178791999817, -1.1202536821365356, 0.29601389169692993, -0.7039058804512024, -1.1686850786209106, 0.1537582278251648, -0.7965863943099976, -0.887209415435791, -0.4230119585990906, -0.09381191432476044, -0.7481629252433777, -0.27089810371398926, -0.4946674406528473, -0.40087592601776123, -0.5731191039085388, -1.6625711917877197, -0.47125089168548584, 0.6120914220809937, -1.6591209173202515, -0.5783730149269104, -0.7540950775146484, 0.432289719581604, -0.6546235084533691, -1.0247668027877808, -0.6441333293914795, -0.5069341659545898, -1.2119295597076416, -0.8316168785095215, 0.2877192795276642, -0.5171267986297607, -0.5895746350288391, -0.26248976588249207, -1.4649584293365479, -0.1922573447227478, -0.16736410558223724, -1.1094982624053955, -0.17677147686481476, 0.7580739855766296, -0.16274479031562805, -0.5590411424636841, -1.0166544914245605, -0.6909109950065613, -0.667034924030304, -1.6116431951522827, -0.5286778807640076, 0.20473645627498627, -1.0701225996017456, -0.836205005645752, -2.301480293273926, -0.40462297201156616, -0.7654534578323364, -0.7482068538665771, -1.0928707122802734, -1.2000188827514648, 0.1250489354133606, -1.058196783065796, -0.5825948119163513, -1.3596479892730713, -0.43000006675720215, -1.1384276151657104, 0.16278544068336487, -0.4381650388240814, -0.26417168974876404, -0.8193517923355103, 0.6594537496566772, -0.12979508936405182, -0.6184915900230408, -1.3570213317871094, -0.6175757646560669, -1.0996006727218628, -1.5831875801086426, -0.8610281944274902, -1.3892725706100464]","[1, 1, 1, 1, 1, 1, 1, 0, 1, 1, 0, 0, 0, 0, 1, 0, 0, 1, 1]"
data_36d2b833,"[0.728196382522583, 0.9574737548828125, 0.801324725151062, 1.5435850620269775, 0.7652586698532104, 0.7446311712265015, 1.4735662937164307, 1.2459299564361572, 0.9581930041313171, 0.8906569480895996, 0.8754785060882568, 1.5980943441390991, 0.5996454358100891, 1.183302640914917, 0.8994739651679993, 1.5514887571334839, 0.6756017208099365, 0.8630965948104858, 0.9818367958068848, 0.785401463508606, 0.8767385482788086, 1.4250156879425049, 1.639098882675171, 0.935462236404419, 1.225386619567871, 1.3661231994628906, 0.7773140668869019, 0.7769860029220581, 0.792609691619873, 1.3470557928085327, 1.6025432348251343, 0.8612197637557983, 1.3693935871124268, 0.9723950028419495, 1.3233821392059326, 0.6037782430648804, 1.5006601810455322, 1.4438666105270386, 1.012101411819458, 1.4757107496261597, 0.6555870771408081, 1.3090054988861084, 0.8562665581703186, 1.2296473979949951, 0.8408941030502319, 0.9095664024353027, 0.8348761200904846, 0.6406550407409668, 0.8822016716003418, 0.8127807974815369, 0.9533894062042236, 0.7231836318969727, 0.47176074981689453, 0.8926659822463989, 1.1293247938156128, 0.8602424263954163, 0.8585077524185181, 0.7268799543380737, 1.3767192363739014, 1.399815559387207, 1.0685698986053467, 1.4346039295196533, 0.7972326278686523, 1.0618785619735718, 0.8286443948745728, 0.6697644591331482, 1.1949570178985596, 1.11415696144104, 0.593076229095459, 0.9181160926818848, 0.7749328017234802, 1.9296858310699463, 0.8341259956359863, 0.7084764838218689, 1.3896311521530151, 0.892608642578125, 0.6997683048248291, 0.6377365589141846, 0.7007272243499756, 1.3843516111373901, 0.81097012758255, 0.840861439704895, 0.7565551996231079, 0.5941274166107178, 1.0652406215667725, 0.7804834246635437, 1.871834397315979, 1.0604661703109741, 0.9244413375854492, 0.6055017113685608, 1.5401510000228882, 0.504907488822937, 0.8151038289070129, 0.9983198642730713, 0.8951756954193115, 1.4179199934005737, 0.8218185901641846, 0.9407607316970825, 1.0091747045516968, 0.626946210861206]","[1, 1, 1, 1, 1, 1, 1, 1, 0]"
data_e84cde01,"[-0.6710764765739441, -0.22597740590572357, -1.043004035949707, -0.24770531058311462, -0.13574004173278809, -0.4564746022224426, -0.26397889852523804, -0.5957190990447998, -0.4685012102127075, 0.6263428330421448, -0.5694896578788757, -0.15369412302970886, -0.12859514355659485, -0.35370391607284546, -0.36458513140678406, -0.29862430691719055, -0.29536545276641846, -0.28366225957870483, -0.39129334688186646, -0.29881906509399414, -0.4309558868408203, -0.3056294023990631, -0.3747671842575073, -0.4510127305984497, -0.3046623766422272, -0.5216785669326782, -0.5402188301086426, -0.4416813254356384, -0.42463168501853943, -0.3899053931236267, -0.6673740744590759, -0.12565752863883972, -0.2638896405696869, -0.5784125328063965, -0.36383306980133057, -0.155668705701828, -0.4960653781890869, -0.24235403537750244, -0.7182855010032654, -0.5611133575439453, 0.024836428463459015, -0.858511209487915, -0.24068611860275269, -0.3828427791595459, -0.4493688941001892, -0.9244575500488281, -0.5046489238739014, 0.06068415194749832, -0.04744047671556473, -0.4263324737548828, -0.22766795754432678, 0.2157546877861023, -0.13658735156059265, -0.20638802647590637, -0.5585805177688599, -0.0036338670179247856, -0.6532069444656372, -0.43192052841186523, -0.10448845475912094, -0.42318540811538696, 0.22392016649246216, -0.4176991879940033, -0.25946104526519775, -0.4549694061279297, -0.39540594816207886, -0.09288555383682251, -0.3323654532432556, -0.07015425711870193, -0.3438701331615448, -0.4608156681060791, -0.533772885799408, -0.323022723197937, -0.47787702083587646, -0.0001740299485391006, -0.7848671078681946, -0.012167269363999367, -0.23892712593078613, -0.4253048896789551, -0.20794859528541565, -0.23817920684814453, -0.7082995772361755, -0.29885679483413696, -0.23373734951019287, -0.5778838992118835, 0.18248480558395386, -0.25550198554992676, -0.09505961835384369, -0.23314893245697021, -0.290833055973053, -0.19047138094902039, -0.3629111349582672, -0.3357129693031311, -0.4989531934261322, -0.6241520643234253, -0.1168082132935524, -0.2032080590724945, -0.059221021831035614, -0.4815603196620941, -0.43334510922431946, -0.32253801822662354]","[1, 1, 1, 1, 1, 1, 1, 1, 1]"
data_d4df06d1,"[0.04452061280608177, -0.039382219314575195, -0.05890700966119766, -0.12253804504871368, 0.01510944589972496, -0.08717964589595795, -0.07374885678291321, -0.055609337985515594, 0.029898792505264282, 0.00408963393419981, -0.04661080986261368, 0.023589354008436203, -0.02549048140645027, -0.03638105094432831, -0.05424349382519722, -0.05546591430902481, -0.04844893887639046, 0.022911768406629562, -0.07610136270523071, -0.07065969705581665, 0.009530577808618546, 0.02649359218776226, -0.06004882603883743, -0.03669670969247818, -0.02711811289191246, -0.039285533130168915, -0.06777454912662506, -0.04349640756845474, -0.01653892919421196, -0.03623896837234497, -0.0007566780550405383, -0.011851966381072998, 0.0450628325343132, -0.024751435965299606, -0.040038660168647766, -0.09046123921871185, 0.026425939053297043, -0.041429899632930756, -0.07660531997680664, -0.011928713880479336, -0.05255179852247238, -0.014699086546897888, -0.07785718142986298, -0.03783322125673294, -0.007932402193546295, -0.05688511207699776, -0.04668363556265831, 0.08311852812767029, 0.017125073820352554, -0.05307839810848236, -0.03243210166692734, -0.021391700953245163, -0.03595687076449394, -0.05361880362033844, -0.05897217243909836, -0.009714333340525627, -0.036486342549324036, -0.06555671989917755, -0.03475894778966904, -0.07071593403816223, 0.01997414603829384, -0.06580764055252075, -0.09777294099330902, -0.007112396880984306, -0.10881474614143372, -0.05573812127113342, -0.04869381710886955, -0.022469980642199516, -0.052939996123313904, -0.034833457320928574, -0.01197238452732563, -0.02766430377960205, -0.055969253182411194, 0.050528962165117264, 0.013976845890283585, -0.06346103549003601, 0.05672631412744522, -0.10122864693403244, -0.03455895930528641, 0.017222115769982338, 0.02444920688867569, 0.0132170170545578, -0.01299324631690979, 0.009346422739326954, 0.0002646166831254959, -0.032819680869579315, -0.02826545760035515, -0.015723323449492455, -0.02758319303393364, -0.06638479232788086, 0.016121618449687958, -0.02155112847685814, -0.033193521201610565, -0.04657069593667984, -0.035417184233665466, -0.009865609928965569, -0.06817199289798737, -0.06483425199985504, -0.024793386459350586, -0.025052906945347786]","[1, 1, 0, 1, 0, 1, 1, 1, 1, 1, 1, 1, 1, 0, 1, 1, 1, 1, 1]"
data_645b0390,"[1.1497278213500977, 0.6285420060157776, 1.104595422744751, 0.9767143130302429, 1.1092541217803955, 1.009257435798645, 1.1138629913330078, 1.0355618000030518, 1.0059514045715332, 0.8671112060546875, 0.5866562724113464, 1.0583304166793823, 0.6682469248771667, 0.9990067481994629, 1.0279582738876343, 0.9432296752929688, 1.0256892442703247, 0.994483470916748, 1.2768287658691406, 1.0531517267227173, 1.2579467296600342, 0.9968924522399902, 0.9654750823974609, 1.0617015361785889, 0.945045530796051, 0.9383023977279663, 0.972442626953125, 0.9147817492485046, 0.9850165843963623, 0.7743000984191895, 0.6096915602684021, 0.757062554359436, 0.9290030598640442, 0.715684175491333, 0.6070796251296997, 0.819413959980011, 1.2337199449539185, 1.001476764678955, 0.9525237679481506, 1.4131965637207031, 0.9659378528594971, 0.8507603406906128, 0.841717541217804, 1.0335334539413452, 1.2777897119522095, 0.7287181615829468, 0.7846406698226929, 0.7476881742477417, 0.6316802501678467, 0.8044723272323608, 0.9793009161949158, 0.6668215990066528, 1.0720994472503662, 1.0073421001434326, 1.2780476808547974, 1.370455026626587, 1.0466678142547607, 0.9577614068984985, 0.8765497207641602, 1.1408034563064575, 0.8074411749839783, 0.9483562111854553, 0.5808780789375305, 1.1814719438552856, 0.7758911848068237, 1.0885546207427979, 1.1794953346252441, 1.0595214366912842, 0.9187655448913574, 1.0823218822479248, 1.1739013195037842, 1.2743324041366577, 1.267071008682251, 1.078088402748108, 0.5177149772644043, 0.7111976146697998, 0.9228000640869141, 0.9864717721939087, 0.9414267539978027, 0.5456961393356323, 0.9958794116973877, 1.3573607206344604, 1.0007308721542358, 1.1194087266921997, 0.8921501636505127, 0.9379922151565552, 1.0610833168029785, 0.7649766206741333, 1.1592363119125366, 0.7691179513931274, 1.027355670928955, 0.8816049098968506, 0.9819135069847107, 0.786231517791748, 0.7448866963386536, 0.8984410166740417, 0.7601526975631714, 1.2118008136749268, 0.7489241361618042, 1.2199833393096924]","[1, 1, 1, 1, 1, 1, 1, 1, 1]"
data_a017dbde,"[0.06790818274021149, -0.044234033674001694, -0.05819443613290787, -0.06724469363689423, 0.027284637093544006, 0.04435466602444649, -0.015262676402926445, 0.00800208281725645, -0.06923328340053558, 0.17026351392269135, -0.059165459126234055, 0.1631503850221634, 0.004139367491006851, -0.0632990226149559, -0.011799309402704239, 0.044863127171993256, 0.0017686367500573397, 0.03404467552900314, 0.11404991149902344, 0.014725131914019585, -0.12092918157577515, -0.13136135041713715, -0.00929834134876728, -0.010627142153680325, -0.09113261103630066, -0.16674897074699402, -0.059415847063064575, 0.018468737602233887, 0.04202018678188324, -0.12429781258106232, -0.10907340794801712, -0.12818726897239685, 0.05195081979036331, 0.07405506074428558, -0.10221436619758606, 0.0508539192378521, 0.03381747752428055, -0.09804300963878632, 0.047835707664489746, -0.07488872110843658, 0.2509489059448242, 0.05616523697972298, -0.044269807636737823, -0.04745499789714813, -0.017689267173409462, 0.04629240930080414, -0.14300598204135895, 0.0014924564165994525, -0.16583013534545898, -0.023853357881307602, -0.10688592493534088, -0.035809025168418884, -0.07392620295286179, 0.15409456193447113, 0.1780293881893158, 0.04314183443784714, 0.06643470376729965, 0.09138631820678711, -0.1000337153673172, 0.03053528442978859, -0.09882025420665741, -0.08596012741327286, 0.1291075050830841, 0.04357733204960823, -0.09628751873970032, -0.14383454620838165, -0.002652538474649191, -0.02723664417862892, -0.09375044703483582, 0.0709066241979599, -0.07718382030725479, -0.13909414410591125, -0.013655360788106918, -0.03716776892542839, -0.027584487572312355, -0.07033542543649673, -0.035956401377916336, 0.0673322081565857, -0.200562983751297, 0.20941035449504852, 0.00946415588259697, 0.09295177459716797, 0.10636872053146362, 0.18371853232383728, -0.08605199307203293, 0.07872514426708221, -0.017222151160240173, -0.056356415152549744, 0.169019877910614, -0.15936055779457092, 0.03375253453850746, 0.1760380119085312, -0.02683071419596672, 0.024278193712234497, 0.02598191797733307, 0.08378241956233978, 0.0400707982480526, -0.08544079959392548, 0.0055885701440274715, 0.14482438564300537]","[1, 1, 1, 1, 1, 1, 1, 1, 0]"
data_f308f199,"[-0.15237869322299957, -0.019759133458137512, -0.03329212963581085, -0.14097580313682556, 0.06565465033054352, -0.1885763704776764, -0.1303977370262146, -0.1766120344400406, -0.0790521502494812, 0.24172884225845337, -0.11740617454051971, -0.1978226602077484, 0.32322603464126587, -0.041434064507484436, -0.07602307200431824, -0.05327697843313217, -0.048709046095609665, -0.12085917592048645, 0.00907684862613678, -0.11044321954250336, 0.012916913256049156, -0.3411062955856323, -0.0686313733458519, 0.00036308966809883714, 0.031066888943314552, 0.07384992390871048, 0.5304172039031982, -0.22627946734428406, -0.1763540357351303, 0.35914337635040283, 0.11876381188631058, 0.13617926836013794, -0.1909748762845993, -0.12598848342895508, -0.27204111218452454, 0.35654398798942566, 0.4285214841365814, -0.10819768905639648, 0.04408208280801773, 0.38780486583709717, -0.15335500240325928, 0.11642224341630936, -0.08577948808670044, -0.23901864886283875, -0.15752756595611572, -0.12762679159641266, -0.1538914442062378, -0.09300141781568527, 0.1939796805381775, 0.07761974632740021, 0.12314267456531525, 0.22725802659988403, -0.15639007091522217, -0.041911110281944275, -0.07270994782447815, -0.08946717530488968, -0.01737084612250328, -0.2626204192638397, 0.07702328264713287, 0.1979866921901703, -0.1415209025144577, 0.314249724149704, 0.26752233505249023, -0.01692112348973751, -0.04734010994434357, -0.1751360148191452, -0.1884154975414276, -0.05996588617563248, -0.3086739182472229, 0.38151484727859497, -0.2806345224380493, 0.17764273285865784, -0.30913543701171875, 0.24292731285095215, -0.08515048027038574, 0.040741950273513794, 0.6349303126335144, 0.10569857060909271, -0.04752451926469803, 0.17963336408138275, 0.10101761668920517, 0.24683277308940887, -0.14120545983314514, -0.046602487564086914, -0.21948206424713135, 0.12430032342672348, -0.2597630023956299, 0.26460564136505127, -0.22581836581230164, 0.10179727524518967, 0.1635291427373886, 0.04418210685253143, 0.3011152148246765, 0.3270804286003113, 0.11736893653869629, 0.02576461434364319, -0.13324721157550812, 0.3658883571624756, 0.10592585057020187, 0.021231479942798615]","[1, 0, 1, 1, 1, 1, 1, 1, 1, 1, 1, 1, 1, 1, 1, 1, 1, 1, 1]"
data_d3895e55,"[0.6867451071739197, 0.07113078236579895, 1.275065541267395, 0.374214768409729, 0.3451777696609497, 0.8273468613624573, 0.5582567453384399, 0.08766777813434601, 0.9501594305038452, 0.6340099573135376, 1.046870470046997, 1.0303540229797363, 0.6642540693283081, 0.3667868375778198, -0.3274002969264984, 0.22069264948368073, 0.23793312907218933, 1.1322925090789795, 0.2740095257759094, 1.1239601373672485, 0.5544335246086121, 0.4546041488647461, 1.2635576725006104, 0.6276310682296753, -0.6145660281181335, 0.18840694427490234, 1.1351945400238037, 0.21958115696907043, 0.6459692716598511, 0.6529806852340698, 0.9711288213729858, 1.0886238813400269, 0.3903922736644745, 0.7312042713165283, 0.21953119337558746, -0.40089812874794006, 0.6368632912635803, 0.046651534736156464, 1.1805078983306885, -0.16980378329753876, 0.5879926085472107, 0.4999687969684601, -0.2095216065645218, 0.39530056715011597, 1.69260835647583, 0.9477789402008057, -0.9702706336975098, 0.8835583329200745, 1.1713449954986572, 1.0115318298339844, 1.7619500160217285, -0.04422444850206375, 1.615096092224121, 0.0028707501478493214, 0.1743554025888443, 0.37064021825790405, 0.02917274460196495, 0.22846591472625732, 1.2219394445419312, 0.4823213219642639, 0.9511770009994507, 0.5686416625976562, 0.7962052822113037, 0.6793882846832275, 0.19576022028923035, 0.26958993077278137, 1.3835344314575195, 0.6681047677993774, 0.33717650175094604, 0.2686654329299927, -0.0804753452539444, -0.20142310857772827, -0.20591583847999573, 0.2068992555141449, 0.5739445686340332, 0.6513199806213379, 0.2705496549606323, -0.02799312397837639, 0.5664774179458618, -0.17007987201213837, 0.70126873254776, 1.340331792831421, 0.7276800274848938, 0.2655871510505676, 0.8526833057403564, 0.4444348216056824, 0.29178526997566223, 0.06197308376431465, 0.31535765528678894, 0.5912010669708252, 0.7203119993209839, 0.8096565008163452, 0.9775811433792114, 0.603915274143219, -0.11935783177614212, 0.6536136865615845, 0.3828989565372467, 1.269169569015503, -0.6327255964279175, 0.8128838539123535]","[0, 1, 1, 1, 0, 1, 0, 1, 1, 1, 1, 1, 1, 1, 0, 1, 1, 1, 1]"
data_64fb3c1c,"[0.35222098231315613, -0.5125074982643127, -0.6670997738838196, 1.166834831237793, -0.44520169496536255, 0.12472281605005264, -0.17343643307685852, -0.5460079908370972, 0.12278760969638824, 0.40567296743392944, -0.22149179875850677, -0.45424890518188477, -0.12177835404872894, 0.5517803430557251, -0.7443732023239136, -0.3458990454673767, 0.07712428271770477, 0.1756831407546997, -0.08004483580589294, -0.4689229130744934, -0.38053447008132935, -0.0033683436922729015, -0.2262336164712906, 0.8806175589561462, -0.2071978747844696, 0.6642014384269714, -0.0012095378478989005, -0.8419349193572998, -0.15332618355751038, -0.09869521856307983, -0.2629574239253998, -0.13231146335601807, 0.6440292596817017, -0.31119269132614136, -0.712022066116333, 0.22257626056671143, -0.030813151970505714, -0.8630523085594177, -0.5824105143547058, -0.5447238683700562, -0.2503614127635956, -0.5450986623764038, -0.22286562621593475, -0.33490321040153503, -0.16378185153007507, 0.029223106801509857, 0.6309361457824707, -0.5073519945144653, -0.41288745403289795, 0.3753575086593628, 0.5981765389442444, 0.024862829595804214, -0.5224000215530396, -0.17387858033180237, -1.0556640625, 0.8302016854286194, -0.275115430355072, -0.2843968868255615, -0.8312983512878418, -0.4610292315483093, 0.5838309526443481, 1.1166507005691528, -0.2360822856426239, 0.29790908098220825, 1.0427862405776978, -0.821931779384613, 0.5616511702537537, 0.36305421590805054, 0.8170761466026306, 0.14779195189476013, 0.6912277340888977, 0.01784098893404007, -0.8520704507827759, -0.007547019049525261, 0.4596365690231323, 0.006798317655920982, -0.2090691477060318, 0.2601802945137024, -0.0428507961332798, -0.04198235645890236, -0.04655992239713669, -0.5841126441955566, -0.4833969473838806, 0.5031566619873047, 0.28341764211654663, -0.7804859280586243, -0.3890151381492615, 0.2875823974609375, -0.2281779944896698, -0.4863300323486328, -0.06883752346038818, 0.18662354350090027, -0.6089560389518738, -0.9645310044288635, -0.042632825672626495, 0.5379886627197266, 0.15637940168380737, -0.18111065030097961, 1.090087652206421, 0.16866815090179443]","[1, 1, 1, 1, 1, 1, 1, 0, 1]"
data_9bdeddda,"[1.0713950395584106, 1.088863730430603, 1.0791466236114502, 1.086275577545166, 1.0922058820724487, 1.0891578197479248, 1.0889801979064941, 1.0820677280426025, 1.0821361541748047, 1.0939891338348389, 1.088653802871704, 1.0719761848449707, 1.0721261501312256, 1.0959711074829102, 1.0917822122573853, 1.0788384675979614, 1.0881786346435547, 1.0917896032333374, 1.0860400199890137, 1.074526071548462, 1.0944709777832031, 1.0893847942352295, 1.0761539936065674, 1.083566427230835, 1.0751930475234985, 1.0835399627685547, 1.0763370990753174, 1.0667059421539307, 1.0813770294189453, 1.0754722356796265, 1.0977082252502441, 1.0799371004104614, 1.0823156833648682, 1.081144094467163, 1.0713768005371094, 1.095698595046997, 1.0913865566253662, 1.0786254405975342, 1.0829960107803345, 1.075994849205017, 1.0724235773086548, 1.0841859579086304, 1.0726335048675537, 1.0890607833862305, 1.0746355056762695, 1.0851269960403442, 1.0843749046325684, 1.0940041542053223, 1.0780227184295654, 1.0653554201126099, 1.082242488861084, 1.0857222080230713, 1.072059154510498, 1.0874533653259277, 1.0805037021636963, 1.083640456199646, 1.066265344619751, 1.0876872539520264, 1.0942862033843994, 1.0735924243927002, 1.0825997591018677, 1.0875072479248047, 1.0725295543670654, 1.0839977264404297, 1.0811562538146973, 1.0936098098754883, 1.086573839187622, 1.0486161708831787, 1.0691721439361572, 1.074742078781128, 1.075911521911621, 1.0911056995391846, 1.0964685678482056, 1.0719139575958252, 1.0801780223846436, 1.0747674703598022, 1.0585297346115112, 1.067863941192627, 1.0862033367156982, 1.0756404399871826, 1.0697726011276245, 1.0809861421585083, 1.0743606090545654, 1.0924417972564697, 1.0856776237487793, 1.0660594701766968, 1.0680513381958008, 1.0923627614974976, 1.0974318981170654, 1.0510683059692383, 1.0893734693527222, 1.0768831968307495, 1.084779143333435, 1.0661009550094604, 1.0838637351989746, 1.077129602432251, 1.0787811279296875, 1.070433259010315, 1.0932422876358032, 1.0779443979263306]","[1, 1, 1, 1, 1, 1, 1, 1, 1, 1, 1, 1, 1, 1, 1, 1, 1, 1, 0]"
data_b3e70cb1,"[0.13637900352478027, -0.13676360249519348, 0.055352672934532166, -0.0772702693939209, -0.014065767638385296, 0.1241815984249115, -0.08962172269821167, 0.10993309319019318, -0.03671260550618172, 0.07392024248838425, 0.08106978237628937, -0.06765472888946533, -0.05772293359041214, 0.11800605803728104, 0.10284288227558136, -0.06831319630146027, 0.026996975764632225, 0.06741584092378616, 0.02755393460392952, 0.04637692868709564, -0.017916923388838768, -0.06374605000019073, 0.1482815146446228, 0.22826212644577026, 0.16023612022399902, 0.07160291075706482, 0.1124604120850563, 0.019288577139377594, 0.07754161208868027, -0.13307181000709534, -0.09094356000423431, -0.00023590335331391543, -0.14213158190250397, 0.007955269888043404, 0.05248326063156128, 0.10982769727706909, -0.1026858389377594, 0.07091385871171951, -0.17321564257144928, 0.09474644064903259, 0.21116341650485992, -0.020892878994345665, 0.11921190470457077, 0.019671475514769554, 0.04440239071846008, 0.07597321271896362, -0.11655678600072861, -0.004100320860743523, -0.10473448038101196, 0.11148756742477417, 0.12652786076068878, 0.06983767449855804, 0.0807514637708664, -0.062919020652771, 0.07948769629001617, -0.175825297832489, -0.022362440824508667, -0.04338902235031128, 0.15775716304779053, 0.13375616073608398, 0.020815426483750343, 0.06752260029315948, 0.05666351318359375, -0.07089658081531525, -0.030345477163791656, 0.1798887997865677, -0.11743150651454926, 0.008019131608307362, 0.05773438885807991, 0.17241625487804413, 0.01345076970756054, 0.17022821307182312, 0.831047534942627, 0.18296480178833008, 0.10144694149494171, -0.13986420631408691, 0.02452756091952324, 0.01749274507164955, -0.06076794117689133, -0.0295218825340271, 0.06599912792444229, 0.12020963430404663, 0.16551336646080017, -0.12400834262371063, 0.059644557535648346, -0.052439555525779724, 0.00646775308996439, -0.03890236094594002, -0.0946468710899353, 0.00134764751419425, 0.020722463726997375, 0.23757526278495789, 0.12032902985811234, 0.12069238722324371, 0.12002772092819214, -0.03811052069067955, 0.026994559913873672, -0.15847091376781464, -0.14368334412574768, 0.0065683950670063496]","[1, 1, 1, 1, 1, 0, 1, 1, 1]"
data_bb0cbfa2,"[-0.04670919105410576, 0.026329737156629562, 0.24915161728858948, -0.13759508728981018, -0.14762453734874725, 0.19085273146629333, -0.1759868860244751, 0.5118371844291687, -0.04806453734636307, 0.17831896245479584, -0.03531869873404503, -0.11400850117206573, -0.2170642465353012, 0.1533631682395935, -0.04279720038175583, -0.14158296585083008, -0.29941999912261963, 0.055302541702985764, -0.6080573797225952, -0.057796869426965714, -0.24857822060585022, -0.14178770780563354, 0.015094174072146416, -0.317185640335083, -0.3510228991508484, 0.2500903606414795, -0.14118355512619019, -0.1766250729560852, 0.22864395380020142, -0.22318029403686523, -0.1322481632232666, 0.18002040684223175, -0.5089619159698486, -0.0843883752822876, -0.3107962906360626, 0.0820964127779007, -0.018042031675577164, -0.1372985541820526, 0.46683698892593384, 0.41079992055892944, -0.06972911208868027, 0.1569637954235077, 0.2784006595611572, 0.01610422506928444, -0.1579200178384781, 0.27738669514656067, -0.3542262017726898, 0.00922281015664339, 0.06764540076255798, 0.2113049179315567, -0.40480369329452515, 0.18724310398101807, -0.5813634395599365, 0.1656978577375412, 0.05808774381875992, -0.2352982759475708, 0.0036173174157738686, -0.17846211791038513, -0.15357443690299988, -0.5067951083183289, 0.3695058822631836, 0.16154560446739197, -0.45582443475723267, 0.04701537266373634, 0.13993683457374573, 0.18362604081630707, 0.6057746410369873, 0.09592561423778534, -0.2938600778579712, 0.15997765958309174, -0.3654858469963074, -0.15280781686306, -0.221312016248703, 0.27185726165771484, 0.32124418020248413, 0.23116856813430786, 0.3562333583831787, -0.058675047010183334, -0.19903478026390076, 0.21145257353782654, -0.053868286311626434, -0.11310522258281708, -0.1083497703075409, -0.15802796185016632, 0.0371328741312027, -0.050410449504852295, 0.12138596177101135, -0.025067180395126343, 0.26411885023117065, 0.04049096256494522, 0.1925559937953949, 0.2948291003704071, 0.026920583099126816, -0.3028138279914856, -0.004958189092576504, -0.010064665228128433, -0.22551268339157104, 0.31760072708129883, 0.5705862045288086, 0.21358360350131989]","[0, 1, 1, 1, 0, 1, 1, 1, 1]"
data_d877fcc7,"[-0.028098586946725845, 0.04526486247777939, -0.2763756513595581, -0.22359928488731384, 0.5033482909202576, -0.10307684540748596, 0.11223341524600983, -0.028113393113017082, -0.13356530666351318, -0.3776261806488037, -0.2843792736530304, -0.2800663113594055, -0.2961035370826721, -0.4705265760421753, -0.11120376735925674, -0.5677493810653687, -0.25179988145828247, -0.0763830691576004, 0.09636750817298889, -0.4252987205982208, -0.22390234470367432, -0.31591615080833435, -0.7372612953186035, -0.17400720715522766, -0.3872659206390381, -0.5458357930183411, -0.4361206591129303, -0.23269318044185638, -0.25999715924263, -0.2676597833633423, 0.4944731593132019, 0.10737019777297974, -0.16044563055038452, -0.3985207974910736, -0.18967276811599731, -0.18662527203559875, -0.16100676357746124, 0.08053992688655853, 0.20786640048027039, -0.5809086561203003, -0.37347155809402466, -0.3143441677093506, -0.5182458162307739, -0.352932333946228, -0.8532390594482422, -0.4970669746398926, -0.3161925971508026, -0.011607099324464798, -0.25433388352394104, 0.27401554584503174, -0.493527889251709, -0.11754313111305237, -0.5450739860534668, 0.03803844004869461, -0.24011100828647614, -0.3184269070625305, -0.7553410530090332, 0.09911205619573593, -0.20267252624034882, 0.42098599672317505, -0.27333709597587585, -0.26485440135002136, -0.34285929799079895, -0.4472140371799469, 0.02061644196510315, 0.0068740155547857285, -0.07355061173439026, -0.26712703704833984, -0.4484090507030487, -0.4771965742111206, -0.43433240056037903, -0.07198771089315414, -0.2523568272590637, -0.2564537525177002, -0.24484631419181824, 0.011193668469786644, 0.03413555771112442, -0.4237963855266571, -0.5413230061531067, 0.012073054909706116, -0.09462076425552368, -0.016233814880251884, -0.5306710004806519, -0.2788214087486267, -0.05429419130086899, 0.011401194147765636, -0.051622174680233, -0.10175128281116486, 0.05902727320790291, 0.4274500012397766, -0.18799307942390442, 0.4944571256637573, 0.034811656922101974, -0.09163101762533188, -0.546499490737915, -0.5465903878211975, -0.34851014614105225, -0.35762840509414673, -0.3302881121635437, 0.08004046976566315]","[1, 1, 1, 1, 1, 1, 1, 1, 1]"
data_7b56d868,"[-0.3842777907848358, 0.4361976981163025, 0.25991901755332947, -0.16947993636131287, -0.0877424031496048, -0.04877007007598877, -0.0411081537604332, -0.3165966868400574, -0.2291090190410614, 0.38519757986068726, 0.1784212589263916, 0.18124407529830933, 0.06520096957683563, -0.14827750623226166, 0.12416358292102814, -0.21560516953468323, 0.1510109156370163, 0.009433064609766006, 0.18081822991371155, 0.07980693876743317, 0.042433202266693115, 0.16663837432861328, 0.33486273884773254, 0.2205103188753128, -0.03091232106089592, -0.008248602971434593, -0.24378371238708496, -0.035568661987781525, -0.021143555641174316, 0.3815011978149414, -0.2630273103713989, -0.05428522080183029, -0.08446389436721802, -0.13596211373806, 0.08118841052055359, -0.22077783942222595, -0.07281309366226196, -0.05664975196123123, -0.16685591638088226, -0.18831676244735718, -0.10158555209636688, -0.0006596008315682411, -0.2973056435585022, -0.1456221342086792, 0.19942152500152588, -0.13711081445217133, 0.0640590488910675, 0.30600103735923767, 0.1299443244934082, -0.07929041981697083, -0.08550329506397247, 0.031970344483852386, 0.2552507519721985, 0.019427120685577393, -0.27860021591186523, -0.1389719545841217, -0.33864501118659973, 0.06483966112136841, 0.062116608023643494, -0.22222736477851868, -0.12340819090604782, 0.09550708532333374, -0.3741874098777771, -0.19815853238105774, -0.11934323608875275, -0.02594146504998207, -0.10948842018842697, -0.12192097306251526, 0.12989479303359985, -0.16161894798278809, 0.19588874280452728, 0.36265838146209717, -0.011781277135014534, -0.09774520993232727, -0.10383953154087067, -0.01950475014746189, -0.0659029483795166, 0.12709423899650574, -0.35356929898262024, 0.30802613496780396, -0.08540260046720505, -0.0032722926698625088, 0.11969305574893951, 0.004451321437954903, -0.08465295284986496, -0.04804956912994385, 0.13767771422863007, 0.43574702739715576, 0.01030367985367775, -0.0031342869624495506, -0.03605850040912628, 0.19540393352508545, -0.26692214608192444, -0.12431219220161438, 0.06704611331224442, 0.21357128024101257, -0.1237315833568573, -0.36554861068725586, 0.1758643388748169, -0.19594937562942505]","[1, 1, 1, 0, 1, 1, 1, 1, 1]"
data_bc611099,"[0.824020266532898, 1.1066604852676392, 0.9224948883056641, 1.2236497402191162, 1.0027799606323242, 1.0844194889068604, 0.9326225519180298, 0.779707133769989, 0.9609919786453247, 0.9100111722946167, 1.0866960287094116, 0.9797922372817993, 0.8403756022453308, 0.7961503267288208, 0.9485824108123779, 0.8074924349784851, 0.9256011843681335, 1.1490858793258667, 1.0353176593780518, 0.8748875260353088, 0.8538957238197327, 1.1605241298675537, 0.6998528838157654, 0.990331768989563, 0.9703218340873718, 1.0033892393112183, 1.2110834121704102, 0.9562090635299683, 1.0361599922180176, 0.8614960312843323, 0.7816652059555054, 0.8472480773925781, 0.8683843016624451, 0.9873584508895874, 1.036670446395874, 0.762190580368042, 0.9004476070404053, 0.8032795190811157, 0.8951252102851868, 0.915993869304657, 0.7953284382820129, 0.9707090854644775, 0.8311411142349243, 0.9481652975082397, 0.9531720280647278, 0.7635496854782104, 1.0418874025344849, 0.7070490121841431, 0.8926489353179932, 0.9136350154876709, 1.028554081916809, 0.8410191535949707, 0.8212465047836304, 0.9585491418838501, 0.896228015422821, 0.9375545978546143, 1.050660252571106, 0.9046316146850586, 1.159167766571045, 1.1448276042938232, 0.8050186634063721, 0.9175315499305725, 0.7955838441848755, 0.7368963956832886, 0.9881642460823059, 1.0878149271011353, 0.7554953098297119, 1.1221835613250732, 0.8544560074806213, 0.9053910970687866, 0.9848183393478394, 0.9663224220275879, 0.8915016055107117, 0.762831449508667, 1.1740200519561768, 0.9754148721694946, 1.0374932289123535, 0.9627343416213989, 1.0318840742111206, 0.8563320636749268, 0.9021828174591064, 0.8713557124137878, 1.0038883686065674, 1.1018238067626953, 0.9017902612686157, 0.9888140559196472, 0.8457197546958923, 0.9667088985443115, 0.8728570938110352, 1.0428718328475952, 0.7684112787246704, 0.9491246938705444, 0.8379159569740295, 1.0117312669754028, 0.8385277986526489, 1.1651849746704102, 0.9895813465118408, 0.9859274625778198, 0.8723827600479126, 0.7703117728233337]","[0, 1, 1, 0, 1, 0, 1, 1, 1, 1, 1, 1, 1, 1, 1, 0, 1, 1, 1]"
data_ea127d43,"[-0.4868372082710266, -0.05950693041086197, -0.40742331743240356, -0.15192437171936035, -0.1278000771999359, -0.3761630654335022, 0.11002200841903687, 0.12619850039482117, -0.09888486564159393, -0.11515611410140991, 0.06507602334022522, -0.35596543550491333, -0.07914018630981445, -0.48758798837661743, -0.2345520555973053, 0.11526167392730713, -0.006823677569627762, -0.5783373713493347, -0.1920381635427475, -0.2097577005624771, -0.5003170371055603, -0.2086380124092102, -0.17157381772994995, 0.06296004354953766, -0.0920528843998909, -0.13154372572898865, -0.2337026298046112, -0.6854571104049683, -0.34108245372772217, -0.22214189171791077, -0.6817978024482727, 0.1144770011305809, -0.5933334827423096, -0.11293239891529083, 0.14964017271995544, -0.346321702003479, -0.08504645526409149, -0.6357806921005249, -0.24156008660793304, -0.42119163274765015, -0.7756774425506592, -0.3400166630744934, -0.18277770280838013, -0.9072781205177307, -0.15061672031879425, -0.6856662631034851, -0.4965081810951233, 0.04166477173566818, -0.3584960997104645, -0.007298278622329235, -0.5713322758674622, -0.06256519258022308, -0.39946669340133667, 0.38211873173713684, -0.47421106696128845, -0.22172677516937256, -0.11771717667579651, -0.626911461353302, -0.19584938883781433, -0.3778863549232483, -0.277521550655365, -0.31816041469573975, 0.2453838586807251, -0.24054351449012756, -0.6913232207298279, -0.22382837533950806, -0.10295794904232025, -0.29217827320098877, -0.17481105029582977, -0.3351847529411316, 0.14333002269268036, -0.27937984466552734, -0.7487032413482666, -0.45633965730667114, -0.16755105555057526, -0.05694303289055824, 0.3496069312095642, -0.36189576983451843, -0.5450955033302307, -0.005812695249915123, -0.5505248308181763, -0.2095542848110199, -0.22995975613594055, -0.25681692361831665, -0.3220538794994354, -0.20748934149742126, -0.4508819580078125, -0.5228355526924133, -0.4828001856803894, -0.3147363066673279, 0.4180951416492462, -0.19350260496139526, -0.910405158996582, -0.6199554204940796, -0.3240041136741638, -0.21019719541072845, -0.44720274209976196, -0.27202051877975464, -0.4238707423210144, 0.28243228793144226]","[0, 1, 1, 1, 1, 1, 1, 1, 1, 1, 1, 1, 1, 1, 1, 1, 1, 1, 1]"
data_90023e82,"[-0.0074097225442528725, -0.3452965021133423, -0.06535234302282333, 0.019459519535303116, -0.46408534049987793, 0.07986108958721161, -0.013273226097226143, 0.06447957456111908, -0.22255681455135345, -0.395256370306015, -0.4111020863056183, -0.4429223835468292, -0.08941975235939026, -0.2400166094303131, -0.2187768816947937, -0.6603339910507202, -0.42508286237716675, -0.5281243324279785, 0.10512375831604004, -0.07641158998012543, -0.671366810798645, 0.035758212208747864, -0.19105024635791779, 0.08803536742925644, -0.6312268376350403, -0.4757254719734192, -0.4203413128852844, -0.3057735860347748, -0.23436176776885986, -0.17703178524971008, -0.188587486743927, -0.302563339471817, -0.12353840470314026, -0.4300338625907898, -0.4353026747703552, 0.059562232345342636, -0.13147643208503723, -0.11417219042778015, -0.07179684191942215, -0.45180121064186096, -0.415451318025589, -0.19645917415618896, -0.16260167956352234, 0.1434803158044815, -0.0757918506860733, -0.1531078815460205, -0.29775601625442505, -0.186290442943573, 0.043293893337249756, 0.48370489478111267, 0.04189039766788483, -0.21036601066589355, -0.467395544052124, 0.02257220819592476, -0.5112320184707642, 0.06045039743185043, -0.18947219848632812, 0.3453958034515381, 0.09777447581291199, -0.3166542649269104, -0.2409350425004959, 0.33159253001213074, -0.17885351181030273, -0.195904940366745, -0.125063955783844, 0.34621351957321167, -0.3704310357570648, 0.11907322704792023, -0.1861562728881836, -0.2167249321937561, -0.21431832015514374, -0.1543072760105133, 0.15286260843276978, -0.3520748019218445, -0.07087226957082748, -0.3387652039527893, 0.006001066416501999, 0.060143351554870605, -0.4199165105819702, 0.2538500130176544, 0.026990432292222977, -0.3239564895629883, -0.2997233271598816, -0.3836173415184021, 0.007956292480230331, 0.11929686367511749, -0.06877432763576508, -0.5721611380577087, -0.09207714349031448, -0.31868797540664673, -0.37707793712615967, -0.24541255831718445, -0.28145891427993774, -0.06584054231643677, -0.025396909564733505, -0.14788909256458282, -0.06529667973518372, 0.1551951915025711, -0.029674602672457695, -0.37307173013687134]","[0, 0, 1, 1, 1, 0, 1, 0, 1, 1, 1, 1, 1, 0, 1, 1, 1, 0, 0]"
data_574a7ab6,"[0.015558207407593727, -0.3160002827644348, -0.20516766607761383, -0.2512291371822357, 0.14111080765724182, -0.23144495487213135, -0.05226516351103783, -0.24069541692733765, -0.334316611289978, -0.04153147339820862, -0.009479599073529243, -0.47273117303848267, -0.1821141242980957, -0.02129535749554634, -0.12966161966323853, 0.10178682208061218, -0.4306207299232483, -0.22421212494373322, -0.1623748242855072, -0.23124931752681732, -0.14867976307868958, -0.18899306654930115, -0.3375202715396881, -0.27713680267333984, -0.00012345922004897147, -0.18962277472019196, -0.2569134533405304, 0.4282566010951996, -0.28172391653060913, 0.17373189330101013, -0.0028044641949236393, -0.12469906359910965, 0.23110991716384888, -0.23360447585582733, 0.07409870624542236, 0.23365868628025055, 0.06502582877874374, -0.1803019940853119, 0.08873279392719269, -0.41436198353767395, -0.41844552755355835, 0.015666404739022255, -0.4924306869506836, 0.019057048484683037, -0.3748652935028076, 0.39569371938705444, -0.3391638994216919, -0.1309596598148346, -0.1885596066713333, -0.2209947109222412, -0.16588380932807922, 0.06771636009216309, 0.14390945434570312, -0.007063290104269981, 0.02119036391377449, 0.12992513179779053, -0.33740702271461487, -0.3733876347541809, 0.5333571434020996, -0.35220780968666077, 0.24543960392475128, -0.1436293125152588, -0.11862732470035553, -0.050870295614004135, -0.012508283369243145, -0.22653739154338837, -0.11521321535110474, -0.25368624925613403, -0.4572395384311676, 0.20212006568908691, -0.2775236964225769, -0.006880223285406828, 0.4252297580242157, -0.12591765820980072, 0.16011573374271393, -0.23796069622039795, -0.30469274520874023, 0.1629767119884491, -0.16623741388320923, 0.15113964676856995, -0.02943630889058113, -0.5597022771835327, -0.3529338240623474, 0.01991347223520279, -0.13723602890968323, 0.2452942281961441, 0.12907113134860992, -0.35484617948532104, -0.1659756600856781, 0.16002687811851501, -0.33664554357528687, -0.23248180747032166, -0.3751832842826843, 0.22171664237976074, 0.3826748728752136, 0.03969847038388252, -0.11178281903266907, 0.6063923239707947, -0.20630787312984467, -0.24672487378120422]","[1, 1, 1, 1, 0, 1, 0, 1, 0, 1, 1, 1, 1, 1, 1, 0, 0, 0, 1]"
data_6aa7930a,"[-0.13916140794754028, -0.38080188632011414, -0.611944317817688, -1.5899337530136108, -0.2792637348175049, -0.25547516345977783, -0.6696511507034302, -0.7937445044517517, -0.4251042604446411, -0.9423354864120483, -0.6569589972496033, -0.03227396309375763, -0.077108234167099, -0.35613512992858887, -1.1413166522979736, -0.18979212641716003, 0.06132477521896362, -0.03858576714992523, -0.31498295068740845, -0.005075909662991762, -0.39491307735443115, -0.3342345952987671, -0.9684914946556091, -0.6789933443069458, -0.7592037916183472, -0.5591205358505249, -0.5504335761070251, -0.387251615524292, -0.9898850917816162, -0.30953076481819153, -0.39912986755371094, -0.9800264835357666, 0.05004400014877319, -0.7915803790092468, -0.5569013357162476, -0.10353973507881165, -0.5585243701934814, -0.4477689266204834, -0.4421811103820801, -0.4523316025733948, -0.8871423602104187, -0.7231243848800659, -0.4971826672554016, -0.18026377260684967, -0.06316980719566345, -1.0307650566101074, -0.6688050031661987, -1.0147762298583984, -0.8864598274230957, -0.7922444939613342, -0.5554696321487427, -0.1321307122707367, -0.8864690065383911, -0.3253873586654663, 0.03047553449869156, -0.4302055239677429, -0.3421817421913147, -0.7306172847747803, -0.9413821697235107, -1.255380392074585, -0.07549960911273956, -0.4484359622001648, -0.06882627308368683, -0.7521300315856934, 0.0722614973783493, -0.2814328670501709, -0.5691768527030945, -0.3564276695251465, -0.4970039129257202, -0.6342235207557678, -0.2646333575248718, -0.7416435480117798, -0.26215559244155884, -0.46441522240638733, -0.4060269594192505, -0.6179004907608032, -0.29837825894355774, -0.12998366355895996, -0.46918395161628723, -0.3509780764579773, -0.7380121946334839, -0.368607759475708, -0.42345449328422546, -0.7476639151573181, -0.12437944114208221, -1.0908803939819336, -0.7156761884689331, -0.27604714035987854, -0.6882668733596802, -0.5811399221420288, -0.42787760496139526, -0.5851061344146729, -0.03505350276827812, -0.7579575777053833, -0.7752610445022583, 0.10380451381206512, -0.44310078024864197, -0.2775183916091919, -0.4613821506500244, 0.026170305907726288]","[1, 1, 1, 0, 1, 1, 1, 1, 0]"
data_fb300522,"[0.16756007075309753, -0.7161793112754822, -0.684998095035553, -0.2695300579071045, -0.7595361471176147, -0.5185565948486328, -0.654913067817688, 0.03318758308887482, -0.4264984428882599, -0.07139863818883896, -0.17644895613193512, -0.4085710346698761, -0.4619442820549011, 0.05937185510993004, -0.6898080110549927, -0.9891347885131836, -0.658362627029419, -0.23390257358551025, 0.3139219284057617, -0.3364388942718506, 0.4920268654823303, -0.7914391160011292, 0.6008924245834351, -0.2783169150352478, -0.27608025074005127, 0.3206186890602112, -1.0152835845947266, -0.6173157691955566, -0.2034127414226532, -0.747104287147522, -0.20608896017074585, -0.2907971441745758, 0.37473011016845703, -0.2465190589427948, -0.1631433069705963, -0.2343236804008484, -0.5795484781265259, -0.4314422607421875, 0.26543116569519043, -0.5202255249023438, -0.2796955704689026, -0.22374436259269714, -0.10160572826862335, -0.035431358963251114, -0.2683178186416626, -0.7730563879013062, 0.21933335065841675, -0.025183923542499542, 0.11189134418964386, -0.5876047611236572, 0.26600927114486694, -0.49416622519493103, 0.14031806588172913, -0.39418405294418335, -0.27355119585990906, -0.024435661733150482, -0.2674633860588074, 0.12601323425769806, -0.30985355377197266, -0.15620478987693787, -0.671355128288269, 0.16239118576049805, -0.25429093837738037, -0.9047281742095947, -0.45549845695495605, -0.5970844626426697, -0.7022001147270203, -0.2557052969932556, -0.7430427670478821, 0.15882116556167603, 0.09300485998392105, -0.588457465171814, 0.17993836104869843, -0.7182426452636719, -0.634543776512146, -0.08624057471752167, -0.46091166138648987, -0.3374931216239929, -0.009197808802127838, -0.4630606472492218, 0.08574021607637405, -0.5954425930976868, -0.1697092354297638, 0.18824179470539093, -0.5936725735664368, -0.3280251920223236, 0.36291301250457764, -0.9801786541938782, -0.4863462746143341, -0.16102641820907593, -0.9482799172401428, 0.2983575463294983, 0.12398310005664825, -0.3375560939311981, -0.5468685626983643, -0.02326389029622078, -0.023414626717567444, 0.09378986805677414, -0.5846675038337708, -0.07404651492834091]","[1, 1, 1, 1, 1, 1, 1, 1, 1, 1, 1, 1, 1, 1, 1, 1, 1, 1, 1]"
data_237b765b,"[0.021425968036055565, -0.030040927231311798, 0.04773497208952904, 0.1792396903038025, -0.6426737904548645, -0.11399512737989426, -0.1751101016998291, 0.38147246837615967, 0.11421359330415726, -0.05493861809372902, -0.36142024397850037, -0.2330150306224823, 0.09104539453983307, 0.17890608310699463, 0.3330097198486328, 0.17725428938865662, -0.031949933618307114, -0.18770790100097656, -0.2035609483718872, -0.4698571562767029, -0.11127851158380508, -0.4591849744319916, 0.4996402859687805, 0.42920351028442383, -0.08462955057621002, -0.16606244444847107, 0.14505454897880554, 0.1623205840587616, 0.38180088996887207, -0.34453919529914856, 0.1559162437915802, -0.026212647557258606, 0.3263503909111023, -0.4854317009449005, 0.24598945677280426, 0.24419566988945007, -0.03890034556388855, 0.12510310113430023, -0.27275434136390686, -0.22790901362895966, -0.4661834239959717, 0.10908092558383942, 0.44726046919822693, 0.04576216638088226, -0.2067772001028061, 0.024020634591579437, -0.42844563722610474, 0.16539126634597778, -0.5328025817871094, -0.576805830001831, -0.06847415864467621, 0.07131863385438919, 0.17127394676208496, 0.26111501455307007, 0.03160568326711655, 0.05243296921253204, -0.004816768690943718, 0.3544391691684723, 0.0529363714158535, 0.4120168685913086, -0.6342200040817261, -0.3062953054904938, -0.4343675971031189, -0.48885342478752136, -0.05251956731081009, -0.5090910196304321, 0.2782958149909973, -0.35065147280693054, -0.3747488260269165, -0.7413989305496216, 0.40520820021629333, 0.16865500807762146, 0.05264726281166077, -0.06486685574054718, 0.07739824801683426, -0.03361285477876663, 0.21896992623806, -0.29804396629333496, 0.29359567165374756, 0.17551428079605103, -0.43865495920181274, -0.27541327476501465, 0.18163429200649261, 0.09843936562538147, 0.21832561492919922, 0.3680325448513031, -0.604647159576416, 0.26637399196624756, 0.09413407742977142, -0.008735413663089275, 0.033335596323013306, 0.21226312220096588, 0.6676748991012573, -0.03307636082172394, -0.05737097188830376, 0.4616810381412506, 0.2280094474554062, 0.27574825286865234, 0.2334444224834442, -0.2507210373878479]","[1, 1, 1, 1, 1, 1, 1, 1, 1, 1, 0, 0, 1, 0, 1, 1, 0, 0, 1]"
data_c3cf64ac,"[-0.361822247505188, -0.0037238546647131443, -0.2763916552066803, -0.0935962125658989, -0.5795802474021912, -0.30023038387298584, 0.09440919756889343, 0.4342907667160034, 0.11990229785442352, 0.07992169260978699, 0.5352996587753296, -0.11673563718795776, 0.15839886665344238, 0.13745316863059998, -0.09519759565591812, 0.19984830915927887, -0.34997105598449707, -0.04407618194818497, 0.2730177640914917, -0.33430546522140503, 0.10676933825016022, 0.7791213393211365, -0.1787993311882019, -0.3624367117881775, 0.08566373586654663, 0.43969330191612244, 0.0018745549023151398, -0.033110275864601135, -0.6736226081848145, 0.15679198503494263, 0.40904322266578674, 0.06770728528499603, 0.01582459732890129, -0.126650869846344, 0.0494600273668766, -0.5704616904258728, 0.16421520709991455, 0.44500765204429626, 0.1967751532793045, -0.20281368494033813, -0.05336923897266388, 0.4116823375225067, 0.15652701258659363, -0.19582335650920868, 0.005712398327887058, 0.10529404878616333, 0.4006243646144867, -0.17307476699352264, 0.354503870010376, 0.06062871590256691, -0.08565624058246613, 0.013196741230785847, -0.437937468290329, 0.16290542483329773, 0.12888383865356445, 0.21933288872241974, 0.14288216829299927, 0.3569638729095459, -0.1243850365281105, 0.17419692873954773, -0.10099326074123383, 0.32629483938217163, -0.3696545958518982, -0.30126526951789856, -0.007430971600115299, -0.6373116970062256, 0.0839657187461853, -0.10557487607002258, 0.35790079832077026, -0.44024285674095154, 0.05614832416176796, 0.1715576946735382, -0.2294774204492569, -0.4693140983581543, -0.10354079306125641, 0.22619767487049103, 0.39540228247642517, 0.0955921858549118, -0.2964451313018799, 0.07000357657670975, 0.1490931361913681, -0.005794868804514408, -0.10871893912553787, 0.16584089398384094, -0.14119833707809448, -0.15419703722000122, 0.03424910828471184, -0.10080689936876297, 0.2867604196071625, 0.0686163529753685, -0.08054649829864502, 0.012278430163860321, 0.14968350529670715, -0.6615649461746216, 0.24189519882202148, 0.2993738651275635, -0.031150242313742638, 0.010212238878011703, 0.11175218224525452, -0.6403796672821045]","[1, 1, 1, 1, 1, 1, 1, 1, 1]"
data_8ab906b9,"[0.8802461624145508, 0.9291021823883057, 0.9695680737495422, 0.8576333522796631, 0.7530295848846436, 0.8068967461585999, 1.230776071548462, 0.7930160164833069, 0.6420329809188843, 1.6903948783874512, 0.8064681887626648, 1.0961410999298096, 0.8807133436203003, 0.6728251576423645, 0.8707507848739624, 1.3713347911834717, 1.805684208869934, 0.8493075966835022, 0.6532825231552124, 1.6794579029083252, 0.8547890186309814, 0.742851734161377, 0.5243638753890991, 0.612224280834198, 0.868401825428009, 1.3332316875457764, 1.034664511680603, 0.939704179763794, 0.6450526714324951, 0.9432740211486816, 0.7028149366378784, 0.6722306609153748, 0.6857863664627075, 0.700219988822937, 0.5853586196899414, 0.7282027006149292, 0.8892337083816528, 0.7813568115234375, 1.0674664974212646, 0.7944021821022034, 1.2522701025009155, 0.9395027160644531, 1.547288179397583, 0.9251797795295715, 0.5237337946891785, 0.5188682079315186, 1.3666176795959473, 0.6365851163864136, 0.7016499042510986, 0.874170184135437, 1.2579405307769775, 0.7354936599731445, 0.7758618593215942, 0.9856656789779663, 0.7820053100585938, 0.6735544800758362, 1.5547115802764893, 0.7535767555236816, 0.8084508180618286, 0.6060218214988708, 1.020857810974121, 0.9973112940788269, 0.7686623334884644, 0.9777446985244751, 0.979267954826355, 0.8468095064163208, 0.9326062202453613, 0.653337836265564, 0.8444085121154785, 0.5655658841133118, 0.9578715562820435, 0.9273136854171753, 0.6307447552680969, 0.9363540410995483, 1.0533039569854736, 1.2338117361068726, 0.6449782848358154, 0.618615984916687, 0.6153504252433777, 0.7541049718856812, 1.1283340454101562, 0.9533230066299438, 0.8948044776916504, 0.477679967880249, 0.47982776165008545, 0.5826987028121948, 1.0263586044311523, 0.7364588975906372, 0.9069608449935913, 0.5727490782737732, 1.5554119348526, 0.7321510910987854, 0.6237105131149292, 1.289881706237793, 0.7738397717475891, 0.6009090542793274, 0.5643465518951416, 0.7463499307632446, 0.9836101531982422, 0.6208183169364929]","[1, 1, 1, 1, 0, 1, 1, 1, 1, 0, 1, 1, 1, 1, 1, 1, 1, 1, 1]"
data_3d6b1725,"[0.2503046989440918, 0.04137613624334335, -0.10357008874416351, -0.17984429001808167, 0.3858180642127991, -0.6839381456375122, 0.40584176778793335, 0.20244765281677246, -0.09350349009037018, -0.07336132228374481, 0.17667290568351746, 0.1649339646100998, -0.19807152450084686, -0.44369256496429443, -0.2693675458431244, 0.02268538624048233, -0.1954539269208908, -0.1148422583937645, -0.235817551612854, 0.042895011603832245, 0.11469633877277374, 0.039420247077941895, -0.018256481736898422, -0.07601967453956604, 0.5072726011276245, 0.15431618690490723, 0.15091001987457275, 0.33027487993240356, -0.16601040959358215, -0.19631925225257874, -0.15002889931201935, 0.11535682529211044, -0.15897586941719055, 0.030093036592006683, -0.4432094097137451, 0.27088332176208496, 0.24911914765834808, -0.07872297614812851, 0.04890809953212738, 0.21012252569198608, 0.2094615399837494, 0.03357316553592682, -0.19627879559993744, -0.7002664804458618, -0.019069399684667587, -0.22924424707889557, 0.016718991100788116, -0.23959922790527344, 0.25572070479393005, 0.12596461176872253, -0.005877823568880558, 0.23029851913452148, -0.30321741104125977, -0.20588265359401703, -0.15409940481185913, 0.09869184345006943, -0.14607597887516022, -0.18270500004291534, -0.013860290870070457, -0.014191287569701672, 0.17172712087631226, -0.5996618270874023, -0.6477170586585999, 0.025084227323532104, -0.05744875222444534, 0.1161709725856781, -0.19667774438858032, -0.08112387359142303, -0.2986103296279907, -0.15633609890937805, 0.1334158331155777, -0.012636737897992134, -0.5046597719192505, -0.22757107019424438, -0.22502470016479492, -0.10071668028831482, 0.027117155492305756, -0.138474702835083, 0.11927126348018646, -0.09663352370262146, -0.41816139221191406, 0.3735511302947998, -0.12048791348934174, -0.07481162250041962, -0.2348690629005432, -0.05335444584488869, -0.2992922067642212, -0.10710801929235458, 0.03687700629234314, -0.2799038887023926, -0.04234672337770462, 0.23391498625278473, -0.09967825561761856, 0.30489104986190796, -0.10586459934711456, -0.40034976601600647, 0.3011089265346527, 0.0005650919629260898, 0.1787242591381073, 0.1967144012451172]","[1, 1, 1, 1, 1, 1, 1, 1, 1, 1, 1, 0, 1, 1, 0, 1, 0, 1, 1]"
data_90d3451c,"[0.7433323860168457, 0.967028021812439, 0.7996182441711426, 0.6485668420791626, 1.058967113494873, 0.7801203727722168, 0.8730083703994751, 1.002436876296997, 0.9676008224487305, 1.3614909648895264, 0.6316123008728027, 0.5810419321060181, 1.026042103767395, 1.2283520698547363, 0.9185118675231934, 0.8158673048019409, 0.9823774099349976, 0.8352402448654175, 0.9403105974197388, 0.6950037479400635, 0.8748204708099365, 0.7795073986053467, 0.844003438949585, 0.7072645425796509, 1.0728199481964111, 1.0018203258514404, 0.9746760725975037, 0.7602071762084961, 1.1952471733093262, 1.1906647682189941, 0.8761729001998901, 0.6770423650741577, 0.8837437033653259, 0.7144063115119934, 0.9059669971466064, 0.7047405242919922, 0.7144694328308105, 1.4395115375518799, 0.9561640024185181, 0.9468475580215454, 1.0868325233459473, 0.6785995364189148, 0.7318596243858337, 1.0296971797943115, 0.9484282732009888, 1.1120699644088745, 0.9465541243553162, 0.7252610921859741, 1.001774787902832, 0.8969484567642212, 0.8250091075897217, 0.9319450855255127, 0.8194954991340637, 0.7501310706138611, 0.5876669883728027, 1.255296230316162, 1.2816359996795654, 0.901982843875885, 0.8855416774749756, 1.1483705043792725, 0.6769705414772034, 0.5580463409423828, 0.9498475193977356, 0.6531341075897217, 1.0375580787658691, 0.6393781900405884, 0.8571776151657104, 0.6134409308433533, 0.7315628528594971, 1.2786928415298462, 1.1923210620880127, 0.8842685222625732, 0.8775793313980103, 0.9261598587036133, 1.0371861457824707, 0.9911980628967285, 1.1366827487945557, 1.1006907224655151, 0.8320503234863281, 1.1253535747528076, 0.636326014995575, 0.8742648363113403, 0.9315868616104126, 0.8196277618408203, 1.2100677490234375, 0.776840329170227, 0.7604943513870239, 1.0987777709960938, 0.6924713850021362, 1.045952558517456, 0.7110331058502197, 0.7566977739334106, 0.9652738571166992, 0.7601335644721985, 1.008085012435913, 1.0788981914520264, 0.8519638776779175, 0.6164506673812866, 0.699884831905365, 0.744621992111206]","[1, 1, 0, 1, 1, 1, 0, 1, 1, 1, 1, 1, 1, 1, 0, 1, 1, 1, 1]"
data_0c44724b,"[0.7541224956512451, 0.68297278881073, 0.5982679128646851, 0.735731840133667, 0.5300612449645996, -0.09233703464269638, 0.7406760454177856, 0.8372548818588257, 0.48347291350364685, 0.7182846069335938, 0.36953577399253845, -0.1893015205860138, 0.07788515090942383, 0.5795018076896667, 0.8609538078308105, 0.5081821084022522, 0.5725191831588745, 0.4075784683227539, 0.23407679796218872, 0.1561127007007599, 0.6525861024856567, 0.22732576727867126, 0.2945799231529236, 0.6549298167228699, 0.8797392845153809, 0.6534704566001892, 0.006831479258835316, 0.34148353338241577, 0.34950345754623413, 0.8431166410446167, 0.179469496011734, -0.043795861303806305, 0.6925522089004517, 0.564983606338501, 0.8023655414581299, 0.8449341058731079, 0.24658474326133728, 0.4976853132247925, 0.4407822787761688, -0.16573096811771393, 0.4187687337398529, 0.6820517182350159, 0.7929909825325012, 0.2143794596195221, 0.44747400283813477, 0.9120697975158691, 0.2992677092552185, 0.18828624486923218, 0.10263743996620178, 0.8589193820953369, 0.15422025322914124, 0.5308800935745239, 0.18361295759677887, 0.35673415660858154, 0.8410600423812866, 0.892966628074646, 0.29765623807907104, 0.37366604804992676, 0.7959071397781372, 0.023323092609643936, 0.4069930911064148, 0.7745927572250366, 0.8081947565078735, -0.3261032700538635, 0.40009576082229614, 0.8108029365539551, 0.4252866804599762, 0.20607873797416687, 0.45088937878608704, 0.4489554166793823, 0.26871949434280396, 0.05177668482065201, 1.0122343301773071, 0.16353437304496765, 0.6519893407821655, 0.6335235834121704, -0.028994686901569366, 0.5385385155677795, 0.2533857226371765, -0.09336300194263458, 0.5290049314498901, 0.5669794082641602, 0.5548938512802124, 0.15660054981708527, -0.12007509917020798, 0.8030775785446167, 0.12280037999153137, -0.5879629850387573, 0.7684495449066162, 0.4640975296497345, 0.45045268535614014, 0.5728863477706909, 0.6703644394874573, 0.46529918909072876, 0.33916404843330383, 0.37302637100219727, 1.1529476642608643, 0.6547462940216064, 0.3139747977256775, 1.149735450744629]","[1, 1, 1, 1, 1, 0, 1, 1, 1, 0, 1, 1, 1, 1, 0, 1, 1, 1, 1]"
data_58daa4a7,"[0.644606351852417, -1.2370071411132812, -0.15312954783439636, -0.5653421878814697, -0.06379816681146622, -0.896294116973877, -0.556645393371582, -1.01561439037323, 1.1729927062988281, -0.0033248700201511383, 0.6605738401412964, 0.08627332746982574, 0.5699033737182617, -0.25761380791664124, -0.2871531844139099, 0.20685657858848572, 0.23574566841125488, 0.0928666740655899, -0.9152730703353882, 0.23758049309253693, 1.558748483657837, -0.3958776593208313, -0.2830824553966522, 1.682854413986206, 0.2689526081085205, 0.12299918383359909, 1.2609217166900635, -0.8719990253448486, 0.38590747117996216, 0.2727142870426178, -0.4017060399055481, 0.7363429069519043, 1.0830376148223877, 0.6483897566795349, 1.167135238647461, -0.5820350050926208, -1.383256196975708, 0.2619779706001282, -0.16315284371376038, -0.4996681213378906, 1.0030781030654907, -0.18796676397323608, -1.118269920349121, -0.1257086992263794, -1.4810097217559814, -0.7294493913650513, -0.1340041607618332, -0.10378937423229218, -0.03805622458457947, 0.16981995105743408, 2.0078248977661133, 1.5392448902130127, 0.5723649263381958, 0.8115510940551758, 1.2606383562088013, 0.7509775161743164, 1.9777648448944092, -0.06967953592538834, -0.13070186972618103, -0.0910010114312172, 1.657976746559143, -0.42443451285362244, 0.24477703869342804, 0.09065200388431549, 0.5186834335327148, 0.6359390020370483, -0.4292509853839874, 2.1264703273773193, -0.4575732946395874, 0.5501729846000671, 0.3154344856739044, -0.6226656436920166, -1.163549542427063, -0.3735828995704651, 0.8472003936767578, 0.3018267750740051, -0.8065491318702698, 0.8431795835494995, -0.9334877729415894, 1.1824121475219727, -1.1451594829559326, -0.2675201892852783, -0.9439351558685303, -0.3820565342903137, 0.19648149609565735, -0.34731325507164, -0.7037134170532227, 0.7700832486152649, 0.23558136820793152, 0.3491728901863098, -0.1474289745092392, -0.04928142577409744, -0.3733309507369995, 1.0708742141723633, -0.21148031949996948, -0.15331724286079407, 1.3256158828735352, -1.1858487129211426, 1.0160868167877197, -1.0946769714355469]","[1, 1, 1, 1, 1, 1, 1, 1, 1, 1, 1, 1, 1, 1, 1, 0, 1, 1, 1]"
data_2f2a2b29,"[0.06357613950967789, -0.1795920729637146, -0.07977388799190521, -0.06311798095703125, -0.2037542164325714, 0.09702713042497635, -0.11286231130361557, -0.20727065205574036, -0.2202567458152771, -0.15921801328659058, 0.32190972566604614, -0.12082433700561523, -0.16955837607383728, -0.15015794336795807, 0.1440497636795044, -0.07902857661247253, 0.3501867353916168, -0.1777275800704956, 0.12003283202648163, 0.5279526710510254, -0.2645527422428131, -0.18411307036876678, -0.44218796491622925, -0.32085686922073364, -0.1398080289363861, 0.041586533188819885, 0.35331499576568604, -0.16587339341640472, -0.17145943641662598, 0.2722232937812805, 0.05864913761615753, 0.28117942810058594, -0.000965423823799938, -0.13884171843528748, -0.016565818339586258, -0.16456303000450134, -0.3048327565193176, -0.11060800403356552, -0.12909092009067535, -0.10665067285299301, 0.024913927540183067, 0.09990889579057693, 0.1650167554616928, 0.06496626138687134, -0.2812128961086273, 0.5098350048065186, -0.07116639614105225, 0.011416827328503132, 0.047178033739328384, 0.08038705587387085, -0.0028960080817341805, 0.1450883448123932, 0.10084612667560577, 0.14683957397937775, -0.14511844515800476, -0.1508263349533081, -0.07050985097885132, 0.02720252051949501, -0.2786005139350891, -0.22546276450157166, 0.21550723910331726, -0.10820220410823822, 0.40246662497520447, -0.010262317024171352, -0.1497693955898285, -0.25257426500320435, -0.33765649795532227, 0.002534429542720318, 0.06463180482387543, -0.10802927613258362, -0.20016786456108093, 0.23943324387073517, 0.48186513781547546, 0.01628437638282776, 0.10688626766204834, -0.09829680621623993, -0.08704431354999542, -0.08584720641374588, -0.2436288297176361, 0.27627861499786377, 0.258083313703537, -0.17426440119743347, -0.10767023265361786, -0.09410570561885834, 0.0009581062477082014, 0.17960453033447266, 0.09693736582994461, -0.10669204592704773, -0.16592459380626678, -0.059918321669101715, -0.10566891729831696, -0.10827545076608658, -0.07208198308944702, 0.010598132386803627, -0.10294129699468613, -0.20913803577423096, -0.08965495228767395, 0.01941768266260624, -0.2808188199996948, -0.10172515362501144]","[1, 1, 1, 1, 1, 1, 1, 1, 1]"
data_0b0dd85a,"[0.019521834328770638, 0.08516062796115875, -0.05262076482176781, -0.5143451690673828, 0.22281192243099213, 0.024751262739300728, -0.14344197511672974, 0.2165267914533615, -0.05517008155584335, -0.26593419909477234, 0.1425057351589203, -0.39019814133644104, 0.11096898466348648, -0.22315050661563873, -0.411541610956192, -0.4425817131996155, 0.054252706468105316, -0.2378740906715393, -0.24283456802368164, -0.29165494441986084, 0.07979409396648407, 0.5073466897010803, 0.1569429636001587, 0.21702367067337036, -0.30017662048339844, -0.10119926184415817, 0.33716434240341187, 0.21031461656093597, -0.410514771938324, 0.5498296022415161, 0.2543174922466278, 0.5508479475975037, -0.088127002120018, -0.05602681636810303, 0.04947422444820404, -0.28475919365882874, 0.046665504574775696, -0.39335304498672485, 0.0748671442270279, -0.1674787849187851, 0.13840439915657043, -0.32467442750930786, 0.3450985848903656, 0.13888832926750183, -0.014668909832835197, -0.34892427921295166, 0.1140465959906578, 0.002897711005061865, 0.1384589672088623, -0.028052691370248795, 0.1286265105009079, 0.1354813277721405, -0.006096199154853821, -0.262612909078598, -0.10716262459754944, 0.04355959594249725, 0.0010801323223859072, 0.04038752615451813, -0.2811574935913086, -0.4063545763492584, -0.2439614087343216, 0.25145313143730164, 0.08854471892118454, 0.10547240078449249, -0.30169063806533813, 0.051414854824543, 0.01947176828980446, 0.515446662902832, -0.23915238678455353, -0.2719710171222687, 0.0505266934633255, 0.2462502121925354, 0.062423672527074814, 0.41196292638778687, 0.24741192162036896, 0.33326292037963867, 0.17514568567276, -0.17402800917625427, 0.15449073910713196, 0.17687147855758667, -0.30273333191871643, -0.16729259490966797, 0.035690728574991226, 0.25139757990837097, -0.12838327884674072, -0.09168313443660736, 0.06736093759536743, 0.17200103402137756, -0.2125164270401001, -0.2913363575935364, 0.07050225138664246, 0.271023690700531, -0.10065858066082001, 0.1626386046409607, -0.0022422699257731438, 0.1978445053100586, 0.10873256623744965, -0.05476326495409012, 0.11898653954267502, -0.08024581521749496]","[1, 1, 1, 1, 1, 1, 1, 1, 1]"
data_6906c68c,"[-0.11942850798368454, -1.1106774806976318, 0.003389124060049653, -1.5752089023590088, -0.3163102865219116, 0.05258859321475029, -0.3829970359802246, -0.5462486743927002, -0.5184535980224609, 0.11077886819839478, 0.28357231616973877, 0.5171962380409241, -0.22675707936286926, -0.4131713807582855, -0.9707380533218384, 0.2856219410896301, 0.0835978239774704, 0.3784573972225189, 0.5838994979858398, 0.04327122122049332, -0.620315670967102, -0.39996427297592163, 0.7571327090263367, -0.016905194148421288, 0.19830244779586792, 0.25327587127685547, 0.3728635311126709, 0.7111653089523315, 0.7177220582962036, 0.2797389030456543, -0.587235689163208, -0.9963060617446899, -1.1472394466400146, 0.18410606682300568, -0.9033658504486084, 0.7516378164291382, 0.641571581363678, -0.9383872747421265, 0.581934928894043, 0.10604003071784973, 0.7184510827064514, -0.6125913858413696, 0.7771400213241577, -0.4776807427406311, -0.08510968834161758, 0.02315923199057579, 0.06719125062227249, 0.42621108889579773, -0.5696109533309937, 0.963556170463562, 0.1598256528377533, -0.5332412719726562, -0.12407929450273514, -0.2603696286678314, -1.226274013519287, 0.42823636531829834, -0.6763352155685425, 0.20843079686164856, -0.42429715394973755, -1.2403674125671387, 0.2849626839160919, 0.04918301850557327, 0.187452495098114, 0.02789720892906189, -0.873645544052124, -0.10648765414953232, -0.3408351540565491, -0.808042049407959, 0.36834925413131714, 0.13845711946487427, -0.7032005190849304, 0.18993926048278809, 0.0247651319950819, 0.36905285716056824, -0.3330024778842926, 0.017333894968032837, 0.35684359073638916, 0.22079208493232727, -0.2464064359664917, 0.4570295214653015, 0.12501110136508942, 0.7571786046028137, 0.1595516800880432, -0.8577320575714111, -0.9714646339416504, 0.7672603130340576, -0.11110562086105347, -0.1361394077539444, 0.05109868943691254, -0.4548798203468323, 0.4779900014400482, -0.7792383432388306, 0.03396613150835037, 0.07361416518688202, 1.3479633331298828, 0.44512853026390076, 0.28896111249923706, -0.5340439081192017, 0.6706322431564331, 0.18488344550132751]","[1, 1, 1, 1, 1, 1, 1, 1, 1]"
data_af1a292c,"[1.0261263847351074, 1.1252715587615967, 0.5842804908752441, 1.1035547256469727, 0.8823288679122925, 0.8562299013137817, 0.6864699125289917, 0.7654229402542114, 0.9101896286010742, 1.1574957370758057, 0.8114161491394043, 0.7356860637664795, 1.4490985870361328, 0.8484638333320618, 1.000603199005127, 1.036360263824463, 0.7846075296401978, 1.6972174644470215, 0.7720416784286499, 0.7837461233139038, 1.1395580768585205, 0.6823616623878479, 0.9160394668579102, 1.688794493675232, 0.7259055972099304, 0.7485564947128296, 0.8253995180130005, 0.9731630086898804, 1.001450777053833, 0.8341852426528931, 1.168710470199585, 0.7674136757850647, 0.8600975275039673, 0.9677762389183044, 0.5622987151145935, 0.9409832954406738, 0.6605889201164246, 0.6799656748771667, 0.7725650072097778, 1.004083275794983, 0.43232354521751404, 1.3067002296447754, 0.7870038747787476, 1.1771631240844727, 0.8578827977180481, 1.155947208404541, 0.7497522830963135, 0.8060158491134644, 1.0628314018249512, 0.9094312191009521, 1.782863736152649, 0.6006155014038086, 1.2754968404769897, 0.8807488679885864, 0.8063129186630249, 0.8610537052154541, 1.142016053199768, 0.8136708736419678, 1.0311332941055298, 0.8755878806114197, 0.8443846702575684, 1.0012304782867432, 0.7928640842437744, 0.8166686296463013, 1.1328750848770142, 0.8763219714164734, 1.073028802871704, 0.7258785367012024, 0.8210973739624023, 0.8754972219467163, 1.203014612197876, 1.0470459461212158, 1.070322871208191, 1.1959291696548462, 0.7059959173202515, 0.8321305513381958, 1.6141791343688965, 0.6207461357116699, 1.079843282699585, 0.7977193593978882, 0.8080389499664307, 1.1134397983551025, 0.9918236136436462, 0.7662138938903809, 0.8037886619567871, 1.0464483499526978, 0.8753060102462769, 1.0407063961029053, 0.7872610092163086, 1.0931298732757568, 1.4751571416854858, 0.9358681440353394, 0.9412493109703064, 0.7870815992355347, 1.4236937761306763, 1.206560730934143, 0.802665650844574, 0.8266623616218567, 1.098714828491211, 1.073436975479126]","[1, 1, 1, 1, 1, 0, 1, 1, 0]"
data_0a124e2e,"[0.14404147863388062, -0.3323415219783783, 0.1332097202539444, 0.07963444292545319, -0.45404747128486633, -0.16510775685310364, -0.15681830048561096, -0.4115578532218933, 0.5997937917709351, -0.07755010575056076, -0.5619480013847351, 0.1502559781074524, 0.08483631908893585, 0.261558473110199, 0.0019759777933359146, 0.5853173732757568, -0.1467323750257492, 0.1922024041414261, -0.010181017220020294, -0.6159752607345581, 0.2975192666053772, -0.32799550890922546, -0.14064988493919373, -0.21331295371055603, -0.7572261095046997, -0.05446070432662964, 0.38226649165153503, 0.14847439527511597, -0.35199660062789917, 0.5169644951820374, 0.18765000998973846, -0.4452395439147949, 0.18441416323184967, 0.3187842071056366, -0.7614104151725769, -0.4214366674423218, 0.000198419758817181, -0.722475528717041, 0.04900398850440979, -0.19964398443698883, -0.9441508054733276, 0.023039497435092926, -0.05934937298297882, -0.2965834140777588, -0.04371032491326332, 0.2178877294063568, -0.4119795560836792, -0.16360527276992798, 0.4370746612548828, 0.19382941722869873, 0.23290960490703583, -0.5370321869850159, -0.35158783197402954, 0.3423137962818146, 0.14525623619556427, 0.06422700732946396, 0.031064387410879135, 0.2650465965270996, -0.5257265567779541, 0.07848316431045532, 0.16050928831100464, 0.25154387950897217, -0.32312604784965515, 0.5183209180831909, -0.03888486325740814, -0.02262658253312111, -0.14928102493286133, -0.33777350187301636, -0.369299054145813, 0.02778574638068676, 0.4927511215209961, -0.46469050645828247, -0.5370397567749023, -0.41294845938682556, 0.006655985955148935, 0.3219543695449829, -0.2516263425350189, -0.4575631618499756, 0.42913955450057983, 0.2627909779548645, 0.4297495186328888, 0.18882937729358673, -0.532071053981781, 0.12271676957607269, 0.16539032757282257, 0.16775214672088623, -0.17689403891563416, -0.18845434486865997, -0.7169444561004639, 0.11811447888612747, -0.2075171321630478, 0.23701214790344238, 0.36292755603790283, -0.07537873834371567, -0.10904516279697418, 0.6506609916687012, -0.19642004370689392, 0.5763477087020874, -0.041401542723178864, -0.12160394340753555]","[1, 0, 0, 1, 1, 1, 1, 1, 1, 1, 1, 1, 0, 1, 1, 0, 1, 1, 1]"
data_1215988b,"[0.0566277951002121, -0.14566722512245178, 0.2029820829629898, -0.06699776649475098, -0.1513204127550125, 0.10561658442020416, -0.0194404274225235, 0.1830383837223053, 0.201389878988266, 0.03648345172405243, -0.06981916725635529, 0.06515757739543915, -0.2571755647659302, -0.04592807590961456, -0.1552208811044693, -0.1925000697374344, 0.17839756608009338, 0.4549506902694702, 0.3152131140232086, -0.13241630792617798, 0.04119449108839035, 0.02572060376405716, 0.23032459616661072, 0.14764146506786346, 0.07088394463062286, -0.06441915035247803, 0.08894462138414383, 0.3714959919452667, 0.26927927136421204, -0.060715265572071075, 0.21781863272190094, -0.06646252423524857, -0.11819794774055481, -0.09134459495544434, 0.09698820114135742, 0.4100775420665741, -0.007062998134642839, -0.06722299754619598, -0.24380706250667572, 0.0812300443649292, 0.02022789791226387, 0.11399634182453156, -0.1212783083319664, 0.25882893800735474, -0.09838653355836868, 0.022513873875141144, 0.0015779153909534216, -0.09516067802906036, -0.05359504371881485, -0.12236659973859787, 0.03324870392680168, 0.15088894963264465, -0.029621342197060585, 0.13208483159542084, 0.09010985493659973, -0.16665129363536835, -0.18613937497138977, 0.02592466026544571, -0.08362758159637451, 0.1841193437576294, -0.20802251994609833, 0.2511700391769409, -0.019942067563533783, -0.10242030769586563, 0.12813960015773773, 0.07647427916526794, 0.020817484706640244, 0.14752712845802307, -0.016495488584041595, 0.2515600323677063, -0.003367486409842968, -0.16714559495449066, 0.40415099263191223, -0.17286905646324158, 0.06711180508136749, 0.0405481718480587, 0.11714133620262146, 0.03128741309046745, -0.13071385025978088, -0.08203333616256714, -0.008490530773997307, 0.22921691834926605, 0.22762387990951538, 0.07512247562408447, 0.2594432830810547, -0.12910859286785126, 0.024402601644396782, 0.06328028440475464, 0.3232653737068176, -0.009997820481657982, -0.059428174048662186, 0.06908947229385376, 0.36608386039733887, 0.14052638411521912, 0.14421597123146057, 0.1264449954032898, 0.19932249188423157, 0.045680563896894455, -0.0180056169629097, 0.013963071629405022]","[1, 1, 1, 1, 1, 1, 0, 1, 1, 1, 0, 1, 1, 1, 1, 1, 1, 1, 1]"
data_06a36790,"[0.06098274141550064, 0.28083014488220215, -0.2715969383716583, -1.2830253839492798, 0.5825438499450684, -0.10339344292879105, -0.24053272604942322, 0.700779139995575, -0.2271888256072998, -0.47230982780456543, 0.513995885848999, -1.1033906936645508, 0.28652897477149963, -0.4576115012168884, -0.9913595914840698, -0.9650188684463501, 0.18302056193351746, -0.455086350440979, -0.5471547842025757, -0.5463086366653442, 0.21697528660297394, 0.6429088115692139, 0.42208877205848694, 0.6505026817321777, -0.6254774332046509, -0.5755404829978943, 0.6561999320983887, 0.5513506531715393, -0.8577321767807007, 0.6325225830078125, 0.4099785387516022, 0.9826922416687012, -0.0823078602552414, 0.06260878592729568, 0.24008862674236298, -0.45144355297088623, 0.20766377449035645, -1.010838508605957, 0.02312842570245266, -0.4199633002281189, 0.44411736726760864, -0.6390068531036377, 0.8522983193397522, 0.4930395483970642, 0.00952829234302044, -0.8701003789901733, 0.3342478275299072, -0.052802786231040955, 0.2683962285518646, -0.20596250891685486, 0.3523828089237213, 0.3646870255470276, 0.006276387721300125, -0.5318757891654968, -0.13434404134750366, 0.1664288491010666, 0.07657209038734436, 0.14021793007850647, -0.5354938507080078, -0.8356214761734009, -0.6661208868026733, 0.281005859375, 0.23394939303398132, 0.20549042522907257, -0.5223488807678223, 0.05079902708530426, 0.15187202394008636, 0.5266687273979187, -0.3779284358024597, -0.8078750371932983, 0.040030717849731445, 0.6699013710021973, 0.27667030692100525, 0.9052255153656006, 0.5609203577041626, 0.8162511587142944, 0.242936372756958, -0.5962872505187988, 0.5245683193206787, 0.4849083423614502, -0.650834321975708, -0.2895205616950989, -0.034094300121068954, 0.5400909781455994, -0.1235719546675682, -0.018511224538087845, 0.06167188286781311, 0.25193095207214355, -0.40744146704673767, -0.42369550466537476, -0.019078241661190987, 0.4432317614555359, -0.05441902577877045, 0.42626112699508667, 0.15330982208251953, 0.5329265594482422, 0.3018704354763031, -0.3378413915634155, 0.29405444860458374, -0.11687645316123962]","[1, 1, 1, 1, 0, 1, 1, 1, 1]"
data_a0bb4e9b,"[-1.4477324485778809, -0.7214272618293762, -0.8215532302856445, 0.20510567724704742, -0.07526528835296631, -0.5868721604347229, -0.014418446458876133, -0.4829087257385254, -0.6814295053482056, -0.14579877257347107, -0.6622518301010132, -1.257632851600647, 0.5220283269882202, -0.795617938041687, 0.5591673851013184, 0.1304171085357666, 0.7555533051490784, -1.1576842069625854, -0.05808798223733902, 0.605351984500885, -0.0387064591050148, 0.40875381231307983, 1.2485527992248535, 0.2717444896697998, 0.5852483510971069, -1.2110424041748047, 0.5902355313301086, -0.42251598834991455, -0.03873363137245178, 0.47165170311927795, -0.7385543584823608, -0.5219026207923889, 0.03912436589598656, -1.2738630771636963, -0.23312686383724213, 0.9825049638748169, -0.2772630453109741, -0.48374468088150024, -0.5826132893562317, -0.24332304298877716, -0.4800969362258911, -0.4664691388607025, -0.26498982310295105, 0.290702223777771, 0.6892611980438232, 0.26815152168273926, -1.818007230758667, 0.23683208227157593, 0.3529568910598755, 0.890396237373352, -1.1098051071166992, 1.2231724262237549, -1.1878275871276855, -1.833827257156372, 0.3484526574611664, -0.792816162109375, -0.21677181124687195, 0.6245749592781067, -0.44963017106056213, -0.43663251399993896, 1.4449923038482666, -1.1212669610977173, -0.5099996328353882, -0.07785355299711227, -0.35209381580352783, 0.6950944662094116, -0.9242872595787048, 0.3561559319496155, -0.6042381525039673, -0.7032429575920105, 0.3455497622489929, 1.762359380722046, 0.7171556949615479, -0.12762105464935303, -0.14229705929756165, 0.5049513578414917, 1.8017635345458984, -0.26293593645095825, 0.30473437905311584, 0.7707341313362122, -1.0847727060317993, 0.6062718033790588, -0.38292258977890015, -0.7458597421646118, 0.8644297122955322, -1.6141915321350098, -0.5732290744781494, 0.027639124542474747, 1.0556753873825073, 1.1278002262115479, -0.44616883993148804, -0.8717635869979858, -1.5663058757781982, 2.0729527473449707, 0.2938151955604553, -0.0472005158662796, 0.42914879322052, -0.16451776027679443, -1.2698814868927002, 0.8247854113578796]","[0, 1, 0, 1, 1, 1, 1, 1, 1, 1, 1, 1, 1, 1, 1, 1, 1, 1, 1]"
data_629fb309,"[-0.43380236625671387, -0.21190965175628662, -0.5620733499526978, 0.09020529687404633, -0.14479227364063263, -0.448629766702652, -0.543950617313385, -0.5318313837051392, -0.2668613791465759, -0.044593483209609985, -0.6511585116386414, 0.056661754846572876, -0.4130812883377075, -0.8059095740318298, -0.14716601371765137, -0.7717965841293335, -0.14194563031196594, -0.41335809230804443, -0.49920111894607544, -0.3984122574329376, -0.5039078593254089, -0.46123823523521423, -0.43470272421836853, -0.01973721571266651, -0.4533427357673645, -0.6281343102455139, -0.6616301536560059, -0.9139378070831299, -0.06775170564651489, 0.04367033392190933, -0.3253272473812103, -0.28879889845848083, -0.28435730934143066, -0.6242620944976807, -0.1783199906349182, -0.36979442834854126, -0.3630479574203491, -0.1321316659450531, -0.1833961009979248, -0.12334136664867401, -0.20284396409988403, 0.4368645250797272, -0.5759847164154053, -0.1629798412322998, -0.12457671761512756, -0.25191205739974976, -0.7470383048057556, -0.2510034441947937, -0.6022627353668213, -0.32454004883766174, -0.07618270814418793, -0.06757214665412903, -0.30020761489868164, -0.04085047170519829, -0.39952772855758667, 0.12981684505939484, -0.655287504196167, -0.855708658695221, -0.20584264397621155, -0.6203525066375732, -0.148962140083313, -0.1435573250055313, -0.42511430382728577, 0.14977264404296875, 0.18210631608963013, -0.39144599437713623, -0.3909347355365753, -0.4568270444869995, 0.08238290995359421, -0.6749670505523682, 0.21015295386314392, -0.3075767159461975, -0.07675658166408539, -0.3415313959121704, -0.5188093185424805, -0.3261600732803345, -0.2566724121570587, -0.17204593122005463, -0.13439226150512695, -0.2686581015586853, 0.14708878099918365, -0.12280727922916412, -0.4734903872013092, -0.1794557124376297, 0.01988045498728752, -0.2820510268211365, -0.5043018460273743, -0.21972087025642395, -0.8209061026573181, -0.39271804690361023, -0.09511761367321014, -0.04574470967054367, -0.3743465542793274, -0.4159296751022339, 0.16062526404857635, -0.5705457925796509, -0.7771503925323486, -0.9157449007034302, -0.3397834897041321, -0.5978074669837952]","[1, 1, 1, 0, 0, 1, 1, 1, 1]"
data_a348ec23,"[-0.03564509376883507, -0.07806900143623352, 0.2946929931640625, 0.25137460231781006, -0.013523697853088379, -0.02218686230480671, -0.012316291220486164, 0.2475743591785431, 0.11781924962997437, -0.14416706562042236, 0.2672939896583557, 0.34981101751327515, 0.25400879979133606, 0.06805753707885742, 0.3109400272369385, 0.039979688823223114, -0.14251133799552917, -0.20145252346992493, -0.02396686188876629, 0.28331658244132996, 0.1667376309633255, 0.4969395697116852, -0.056690774857997894, 0.18648788332939148, -0.001192752504721284, 0.05482834577560425, 0.24886192381381989, 0.37276995182037354, 0.21996158361434937, 0.298044890165329, 0.04308374598622322, -0.0031511932611465454, -0.23069071769714355, 0.22807398438453674, -0.0217665396630764, -0.039971888065338135, 0.11662572622299194, 0.24802514910697937, 0.1576176881790161, 0.00329136336222291, -0.4034653902053833, 0.12732592225074768, -0.013433663174510002, 0.19172775745391846, -0.01088374201208353, 0.3084922134876251, 0.03153535723686218, -0.13510437309741974, 0.12841030955314636, 0.3979530930519104, 0.17517152428627014, 0.011694518849253654, -0.010407939553260803, 0.3822355270385742, 0.13603216409683228, 0.19045327603816986, 0.30380749702453613, 0.06863072514533997, -0.07809381186962128, 0.0710732489824295, 0.04173634946346283, 0.05893740430474281, -0.10652680695056915, 0.34804290533065796, 0.03783932700753212, -0.07208001613616943, -0.16004222631454468, 0.0026053974870592356, -0.06641927361488342, 0.3047161400318146, 0.24540936946868896, 0.34415730834007263, 0.0949154943227768, 0.3034219443798065, -0.0064489347860217094, -0.07521163672208786, 0.13629426062107086, 0.14053426682949066, -0.04117649793624878, 0.11997994780540466, 0.13925997912883759, 0.31485092639923096, 0.16729432344436646, 0.09193795174360275, -0.1003243699669838, 0.05784354731440544, 0.34662187099456787, 0.34830182790756226, 0.2850761413574219, 0.266216516494751, 0.0596005953848362, -0.03915909677743912, 0.23715677857398987, -0.15257659554481506, 0.20589464902877808, 0.025871610268950462, 0.1155126616358757, 0.1017223596572876, 0.12058311700820923, -0.07488422095775604]","[0, 1, 0, 1, 1, 1, 1, 1, 1, 1, 0, 1, 1, 0, 1, 0, 0, 1, 0]"
data_48fe4dcc,"[-0.28602075576782227, -1.267637848854065, -0.488547682762146, -1.0871520042419434, -0.7367129325866699, -0.2926560938358307, -1.215944528579712, -1.2055714130401611, -1.0683481693267822, -0.48362743854522705, -0.952497124671936, 0.6921390891075134, -0.6720178127288818, -0.02168663591146469, -0.2551190257072449, -0.19872406125068665, -0.8777691721916199, -0.4244675636291504, -0.16380029916763306, -0.6198930740356445, -0.7414512634277344, -0.5424189567565918, -0.14113269746303558, -0.8444923162460327, -0.8726018667221069, -1.1874268054962158, -0.42155924439430237, -0.7080898284912109, -0.3104405701160431, -1.16042160987854, -0.21590986847877502, -0.8963719010353088, -0.7142789363861084, -1.0531790256500244, -0.08128062635660172, -0.08106240630149841, -0.4143660068511963, 0.26574796438217163, -1.0631145238876343, -0.6968338489532471, 0.2196638286113739, -0.49010658264160156, -0.4543759822845459, -0.19173462688922882, -0.4956926703453064, -0.3118371069431305, -0.9398044347763062, -0.37932825088500977, 0.020712917670607567, -0.6926755905151367, -0.3578150272369385, -0.6233906745910645, -0.47033435106277466, -0.48274552822113037, -0.6232084035873413, -0.946546196937561, 0.16072380542755127, -0.5058414340019226, -0.4077949523925781, -0.6991826891899109, 0.5793643593788147, -0.26162004470825195, -0.27372410893440247, -0.04863249137997627, -0.05835704505443573, -0.0801735669374466, 0.2884926199913025, -0.13755856454372406, -0.41283220052719116, 0.15995073318481445, 0.05868174508213997, -1.029843807220459, -0.9527278542518616, 0.0282181017100811, -0.2224482297897339, -1.3236202001571655, -0.907055139541626, -0.044782280921936035, -0.49900180101394653, -1.0188080072402954, -0.6474736332893372, -1.1789333820343018, -0.6646487712860107, -0.6024545431137085, -0.15694557130336761, -0.5982270240783691, -1.0492181777954102, 0.2847394347190857, -1.1294480562210083, -0.20466165244579315, -0.2705969214439392, -0.788682222366333, -0.17719897627830505, -1.530853271484375, -0.6393966674804688, -0.591664731502533, -0.10889679193496704, 0.09881603717803955, -0.46415549516677856, -0.44269418716430664]","[1, 1, 1, 1, 1, 1, 1, 1, 1, 1, 1, 1, 1, 1, 1, 1, 1, 1, 1]"
data_f9dc8f14,"[0.03248279541730881, -0.3606773316860199, -0.24999144673347473, -1.060718297958374, -0.4369798004627228, -0.13694703578948975, -0.4673260450363159, -0.5268591046333313, -0.40180832147598267, -0.4712931215763092, -0.23647642135620117, -0.7393839359283447, -0.07457251846790314, -0.13745780289173126, -0.2941144108772278, -0.7009620666503906, 0.08626002818346024, -0.18046867847442627, -0.6257158517837524, -0.17462852597236633, -0.6775087118148804, -0.531781792640686, -0.3976137042045593, -0.09499117732048035, -0.2905862629413605, -0.4376820921897888, -0.4949302077293396, -0.6445136070251465, -0.2022164762020111, -0.40383172035217285, -0.8337084054946899, -0.630797266960144, -0.1587246209383011, -0.43349066376686096, -0.6723276376724243, -0.39544519782066345, -0.14699780941009521, -0.44536492228507996, -0.4863519072532654, -0.37668952345848083, -0.30832353234291077, -0.10984969139099121, -0.6507887840270996, -0.3898043632507324, -0.5293661952018738, -0.6815919280052185, -0.6985345482826233, -0.4943971037864685, -0.2808659076690674, -0.3588590621948242, -0.587773859500885, -0.23328202962875366, -0.2209378331899643, -0.30217403173446655, -0.2956489324569702, 0.12099102884531021, -0.7171292304992676, -0.8318981528282166, 0.1130351647734642, -0.5394306182861328, -0.46526938676834106, 0.09777271002531052, 0.08567926287651062, -0.2959904968738556, -0.1300177276134491, -0.25287264585494995, -0.3964598476886749, 0.14753994345664978, -0.22883927822113037, -0.39609280228614807, -0.434323251247406, -0.10768090188503265, -0.4188268780708313, -0.16280916333198547, -0.1420488953590393, 0.2306358516216278, -0.5224198698997498, -0.3151414692401886, -0.24953673779964447, -0.39263081550598145, -0.13059738278388977, -0.2916973829269409, -0.09853862226009369, -0.4365943372249603, -0.5095891952514648, -0.3109511733055115, -0.47614943981170654, -0.8138394355773926, -0.38392406702041626, -0.16742083430290222, 0.19187061488628387, -0.5097541213035583, -0.4278724789619446, -0.4034876823425293, -0.3613993227481842, -0.5458906888961792, -0.1456049531698227, -0.2970926761627197, 0.27642589807510376, 0.6141855716705322]","[1, 1, 1, 1, 1, 1, 1, 1, 0]"
data_15b61c6d,"[0.34577691555023193, 0.019597584381699562, 0.04262153059244156, 0.22957098484039307, -0.14775574207305908, 0.0635925680398941, -0.20303426682949066, -0.09829458594322205, -0.14758354425430298, 0.14478594064712524, -0.604001522064209, 0.02458183467388153, -0.21201413869857788, 0.048060137778520584, 0.4994097352027893, -0.32549023628234863, -0.6165742874145508, 0.04355693981051445, -0.038072772324085236, 0.372597336769104, -0.6361694931983948, 0.23164841532707214, 0.23861265182495117, 0.30899083614349365, 0.3541368842124939, -0.2386462688446045, -0.29567041993141174, -0.5168701410293579, 0.42707502841949463, -0.700873613357544, -0.5165724158287048, 0.19093668460845947, -0.13518938422203064, 0.2942696809768677, 0.28890305757522583, 0.07106492668390274, 0.29643529653549194, 0.31888827681541443, 0.363280713558197, -0.44947776198387146, 0.04467746242880821, -0.31838858127593994, 0.23279380798339844, 0.003824946703389287, -0.38230323791503906, -0.06977459788322449, -0.234035924077034, 0.3124886155128479, 0.004584141541272402, -0.03308260440826416, 0.007996071130037308, -0.31636640429496765, -0.07031973451375961, 0.13567030429840088, -0.17426133155822754, -0.3093946874141693, -0.5719707012176514, -0.15506136417388916, 0.4821833372116089, 0.3031367063522339, -0.27057158946990967, -0.49735376238822937, 0.350114107131958, -0.32193902134895325, 0.08232653886079788, -0.5372343063354492, 0.2705325484275818, -0.5664823055267334, -0.31496837735176086, -0.29186904430389404, -0.015838149935007095, -0.24460101127624512, 0.0641779899597168, -0.11242987215518951, 0.10604900121688843, -0.23501883447170258, 0.3295818567276001, -0.10158438235521317, 0.22695979475975037, -0.5014481544494629, 0.4123613238334656, 0.26523637771606445, -0.31499356031417847, 0.11249443888664246, 0.11632119119167328, -0.4888652563095093, 0.081642746925354, -0.2684810161590576, -0.253878116607666, 0.5656633973121643, -0.2708929777145386, -0.45531177520751953, -0.033104926347732544, -0.5664565563201904, -0.06721284985542297, -0.4184049069881439, -0.39881446957588196, -0.5333274006843567, 0.32349830865859985, 0.5157209634780884]","[1, 1, 1, 1, 1, 1, 1, 1, 1, 1, 1, 0, 0, 0, 1, 1, 0, 1, 1]"
data_35d9326b,"[-0.754902720451355, 0.5148696899414062, -0.08392922580242157, 0.2260444164276123, -0.10549525916576385, 0.13986319303512573, 0.7300211191177368, 0.39046210050582886, -0.28129664063453674, -0.30771535634994507, -0.39693599939346313, 0.5748283863067627, 0.3908305764198303, -0.029966574162244797, -0.14424896240234375, -0.45293155312538147, 0.454633504152298, 0.8256398439407349, 0.14371374249458313, -0.035843972116708755, 0.34724581241607666, 0.7130986452102661, -0.36609891057014465, 0.30781853199005127, 0.25499939918518066, -0.41155195236206055, -0.3826454281806946, -0.49039584398269653, 0.11820687353610992, 0.22241082787513733, -0.1969405859708786, -0.33807557821273804, -0.32440781593322754, -0.09826935827732086, 0.04180547222495079, -0.7518320083618164, 0.04032875970005989, 0.14900678396224976, 0.12760485708713531, -0.22993715107440948, 0.685657262802124, -0.17043794691562653, -0.36755746603012085, 0.2546161711215973, -0.7025648355484009, -0.2723018527030945, -0.48235613107681274, -0.466885507106781, 0.27763301134109497, -0.02761681377887726, -0.3022887706756592, 0.27574819326400757, 0.07749825716018677, -0.5932696461677551, 0.13613852858543396, -0.1834975928068161, -0.0363767072558403, 0.3523258566856384, 0.04174166917800903, 0.034947436302900314, 0.1409282684326172, -0.3196978271007538, -0.8725356459617615, 0.03334956616163254, -0.07615629583597183, 0.2726256251335144, -0.33807045221328735, 0.20960545539855957, 0.310626745223999, -0.12045133113861084, 0.32064610719680786, 0.6041842699050903, 0.3945554494857788, -0.17575892806053162, -0.4053961932659149, 0.30111241340637207, -0.007935005240142345, 0.151181161403656, 0.20788881182670593, 0.2206554412841797, -0.1298826038837433, 0.4666719436645508, 0.0997256189584732, -0.8409528732299805, 0.6302049160003662, -0.5418249368667603, -0.5708439946174622, 0.11455351114273071, 0.3099568486213684, 0.7096775770187378, -0.10227225720882416, 0.36595046520233154, 0.17471414804458618, -0.35644590854644775, -0.15795765817165375, 0.10125869512557983, 0.4421166777610779, -0.1254408061504364, -0.8199896216392517, -0.06750811636447906]","[1, 1, 1, 1, 0, 0, 1, 1, 1]"
data_1bb4ae32,"[-0.12237764894962311, -0.22823694348335266, -0.31868600845336914, -0.12981636822223663, 0.20137348771095276, 0.20699772238731384, 0.12132018059492111, -0.19541168212890625, -0.28871214389801025, -0.3823387324810028, 0.018886061385273933, -0.4128262400627136, -0.17461133003234863, -0.15763232111930847, -0.18945883214473724, 0.028461851179599762, -0.14449550211429596, -0.18356937170028687, -0.2624667286872864, -0.14614719152450562, 0.04069055616855621, 0.21757343411445618, 0.17660993337631226, -0.22284211218357086, -0.2922050952911377, -0.06008339300751686, -0.05969606339931488, -0.13622090220451355, -0.2994374632835388, -0.3198012709617615, -0.1544283628463745, -0.4239902198314667, -0.2520233392715454, -0.20942668616771698, -0.4023723900318146, -0.06374718993902206, 0.14028167724609375, 0.13346222043037415, -0.30443158745765686, -0.38344457745552063, -0.03385184705257416, -0.25053870677948, -0.4375278949737549, 0.08661261200904846, -0.31220492720603943, -0.11241850256919861, -0.02055339515209198, -0.25056013464927673, 0.2909870743751526, -0.31520017981529236, -0.4011913239955902, -0.04513389989733696, -0.3175511658191681, -0.21564170718193054, 0.3247579336166382, -0.3767021894454956, -0.2877584993839264, -0.1839883029460907, -0.22264377772808075, -0.19205114245414734, -0.42947372794151306, -0.04269448667764664, -0.36869195103645325, 0.07725311815738678, 0.001904857694171369, -0.19605351984500885, -0.2934654951095581, -0.03783402591943741, -0.3357917368412018, 0.0930132195353508, 0.03468857705593109, -0.08530965447425842, -0.2963201403617859, 0.29144859313964844, 0.1404941976070404, -0.3301025629043579, -0.19695430994033813, -0.10474617779254913, -0.30698084831237793, -0.1550244688987732, -0.01613248884677887, -0.16445794701576233, -0.21718062460422516, -0.33275169134140015, -0.30393391847610474, -0.4175812005996704, -0.33874979615211487, -0.04362291097640991, -0.07911533117294312, -0.09436376392841339, -0.15611262619495392, -0.2842116057872772, -0.15764106810092926, -0.2350776195526123, -0.20402230322360992, -0.2006157785654068, -0.2700411081314087, -0.02453853189945221, -0.26393893361091614, 0.005615353584289551]","[0, 1, 1, 1, 1, 0, 1, 1, 1, 1, 0, 1, 1, 1, 1, 1, 1, 1, 1]"
data_4f36af9c,"[0.41044726967811584, -0.3530910611152649, 0.14169751107692719, 0.2645311653614044, 0.6771934032440186, -0.7098134160041809, 0.8180925846099854, -0.1992313265800476, -0.12230460345745087, -0.3294562101364136, -0.012179132550954819, 0.02383536659181118, 0.2549148499965668, 0.7735260725021362, 0.10572494566440582, 0.41304272413253784, 0.7460227012634277, 0.6146646738052368, 0.5245515704154968, -0.7602663636207581, -0.32935428619384766, -0.5691839456558228, -0.15051186084747314, 0.08153565227985382, 0.06784427911043167, -0.06339612603187561, 0.3833375573158264, 0.46841996908187866, 0.6278488636016846, 0.15036097168922424, -0.3924439549446106, 0.03728638216853142, 0.4063391089439392, 0.1942959725856781, 0.2800372540950775, 0.21266812086105347, 0.044112179428339005, 0.19202157855033875, -0.12877687811851501, 0.5737793445587158, 0.4331139326095581, 0.16321560740470886, 0.6819552183151245, -0.06567022949457169, 0.8163004517555237, -0.17479011416435242, -0.009697559289634228, -0.11728914082050323, 0.1692078411579132, 0.08290444314479828, 0.2118494063615799, -0.22902558743953705, 0.05611381307244301, -0.06456094980239868, -0.09525923430919647, 0.38430100679397583, 0.4800693094730377, 0.4292631149291992, 0.5067979693412781, 0.26731663942337036, -0.11487990617752075, 0.7070581316947937, 0.03715341165661812, 0.3531852066516876, 0.4039888083934784, 0.6727325916290283, -0.20823068916797638, -0.3615017533302307, -0.25782841444015503, -0.0779363214969635, 0.07138149440288544, -0.23656657338142395, -0.9673079252243042, -0.23925425112247467, -0.3768477439880371, -0.27756214141845703, 0.21002839505672455, 0.32935822010040283, 0.4686238765716553, -0.034668371081352234, -0.5002168416976929, -0.7015146613121033, 0.6263655424118042, 0.10795879364013672, 0.5358884334564209, 0.15298594534397125, -0.1639326959848404, 0.7506425380706787, 0.18217860162258148, 0.7477679252624512, 0.13493534922599792, 0.5446913242340088, -0.2916141748428345, 0.0624985508620739, 0.8959847092628479, 0.002789030782878399, 0.6623047590255737, 0.31360292434692383, 0.15574683248996735, -0.41892895102500916]","[1, 0, 1, 1, 1, 1, 1, 1, 0, 1, 1, 1, 1, 1, 1, 1, 1, 1, 1]"
data_119e910c,"[-0.04298648238182068, -0.1696949154138565, 0.14081542193889618, 0.18163195252418518, 0.04058920219540596, -0.33712106943130493, -0.09725548326969147, -0.08460921049118042, -0.060090042650699615, 0.32361823320388794, 0.3137204647064209, -0.22642195224761963, -0.19672571122646332, -0.23130366206169128, -0.29926756024360657, -0.22402745485305786, 0.014187470078468323, 0.019428029656410217, -0.05547002702951431, 0.10123319923877716, -0.1801675409078598, 0.039822839200496674, -0.14299985766410828, -0.18451179563999176, -0.05983993411064148, -0.07361462712287903, -0.22239567339420319, -0.19663430750370026, 0.12717339396476746, -0.31362423300743103, -0.05115945637226105, 0.03740166872739792, -0.21195568144321442, -0.11403688788414001, -0.2250356376171112, -0.1751037836074829, 0.21929931640625, -0.13794519007205963, 0.20648318529129028, -0.3053135871887207, -0.2555563449859619, -0.0041034528985619545, -0.13226014375686646, 0.2365656942129135, 0.12609118223190308, -0.147089421749115, -0.10488410294055939, 0.06135297566652298, 0.24301593005657196, -0.19314144551753998, -0.02826850116252899, -0.010515984147787094, -0.07754392176866531, 0.020940100774168968, -0.1485612392425537, -0.01706487312912941, 0.2987348139286041, -0.11226963996887207, 0.31717804074287415, 0.07195818424224854, -0.1062515377998352, 0.037177734076976776, -0.13283556699752808, -0.15199977159500122, -0.16200456023216248, -0.0926268994808197, -0.2335660457611084, -0.258089542388916, 0.31655943393707275, 0.0787448137998581, -0.21955308318138123, -0.10577208548784256, -0.32606667280197144, -0.07633492350578308, -0.0441649854183197, -0.03383510187268257, -0.013399397023022175, 0.007822495885193348, -0.06137682870030403, -0.11798660457134247, -0.12528957426548004, -0.3207087218761444, -0.13661915063858032, -0.18957994878292084, -0.2917638421058655, -0.2536337077617645, 0.06999737024307251, -0.2730042636394501, 0.38394221663475037, -0.05758751183748245, -0.2094273418188095, -0.18898910284042358, 0.17681893706321716, -0.13245081901550293, -0.1999947428703308, -0.22508302330970764, -0.12724843621253967, -0.01163763739168644, -0.24471107125282288, -0.04394897073507309]","[1, 1, 1, 0, 1, 0, 1, 1, 1]"
data_07e2c02a,"[-0.06611333787441254, 0.1018025130033493, 0.12017527967691422, 0.11155572533607483, -0.06386202573776245, -0.027388624846935272, -0.009177114814519882, -0.06290487945079803, -0.02882392331957817, -0.024729806929826736, -0.018891070038080215, -0.07600536942481995, -0.07663045078516006, -0.035916078835725784, -0.03254318982362747, 0.24168400466442108, 0.005756547674536705, -0.030772704631090164, -0.04139966145157814, -0.05258244276046753, -0.04912341386079788, 0.5075381994247437, -0.06642982363700867, -0.08366336673498154, -0.023124737665057182, -0.07155895233154297, 0.008710565976798534, -0.020755838602781296, -0.09396956861019135, -0.027389943599700928, -0.0263842660933733, -0.054801516234874725, 0.07981422543525696, -0.09942248463630676, 0.3083360493183136, -0.033122070133686066, 0.033611960709095, -0.017603706568479538, -0.03310662508010864, 0.13016611337661743, -0.005162002053111792, -0.06459858268499374, 0.10365692526102066, 0.06217457726597786, 0.5648850798606873, 0.028823867440223694, -0.036450088024139404, -0.03196465224027634, 0.3478134870529175, 0.23489104211330414, 0.010419736616313457, 0.35220861434936523, -0.0037822406738996506, 0.11062319576740265, 0.22927697002887726, -0.05612305551767349, -0.0681738629937172, -0.07718527317047119, -0.06851917505264282, 0.3798208236694336, -0.048717349767684937, 0.0019328725757077336, -0.09986366331577301, -0.03988746181130409, 0.2547956109046936, -0.00685714278370142, -0.04488149285316467, -0.06687363982200623, 0.2688186764717102, -0.04702112078666687, -0.024174725636839867, 0.11253779381513596, 0.1284639537334442, 0.1266992688179016, -0.04766322299838066, -0.07056717574596405, -0.026963461190462112, -0.03283267468214035, 0.2476784586906433, -0.05336965620517731, -0.048803918063640594, 0.11147023737430573, 0.25139814615249634, 0.18901439011096954, 0.14464393258094788, 0.10596048831939697, -0.027384616434574127, 0.09748529642820358, 0.2821442782878876, -0.03191367909312248, -0.034112341701984406, 0.30456405878067017, -0.0889396145939827, -0.04799765348434448, -0.06309717148542404, -0.07311098277568817, 0.09974052011966705, 0.10745492577552795, 0.2441013753414154, -0.06600461900234222]","[0, 1, 1, 1, 1, 1, 1, 0, 0]"
data_af4e0f00,"[0.28626954555511475, -0.013821631669998169, 0.016855275258421898, -0.412821888923645, 0.05036903917789459, -0.36366117000579834, -0.05302680656313896, -0.3540751039981842, -0.32407957315444946, -0.24359162151813507, 0.3430981934070587, -0.33025985956192017, -0.3890758752822876, 0.19695958495140076, -0.44150546193122864, 0.0979805737733841, -0.026493947952985764, -0.09342802315950394, 0.5063972473144531, -0.08348257839679718, -0.06109626591205597, -0.40365317463874817, 0.38258519768714905, -0.0810774564743042, -0.2995677590370178, -0.2800450325012207, -0.3503607511520386, -0.4268125593662262, -0.6552486419677734, 0.17412537336349487, 0.11166812479496002, 0.4106296896934509, -0.09845693409442902, 0.059130653738975525, -0.014354006387293339, 0.13531476259231567, -0.1970924586057663, -0.39616408944129944, -0.6042882800102234, 0.4864357113838196, 0.1555967628955841, 0.3652278482913971, 0.5693783164024353, -0.09005489945411682, -0.4123257100582123, -0.639850914478302, 0.0784529522061348, -0.10779742896556854, -0.15652142465114594, -0.07747842371463776, 0.188100665807724, -0.3409321904182434, -0.13017788529396057, -0.06054498627781868, -0.38378217816352844, -0.27400264143943787, -0.008035195991396904, 0.10373830050230026, -0.2522736191749573, 0.2801514267921448, -0.4269557297229767, -0.24142786860466003, -0.4942242503166199, 0.4500582814216614, -0.07398684322834015, -0.2545720338821411, -0.22129957377910614, 0.0569639578461647, -0.1967531144618988, -0.32086437940597534, -0.13557885587215424, -0.15330886840820312, 0.489136666059494, 0.04348507896065712, -0.13380694389343262, -0.3272990584373474, -0.21908438205718994, -0.2883772552013397, -0.5035281181335449, -0.015223484486341476, -0.41970115900039673, 0.28754881024360657, 0.11460679769515991, 0.1862349808216095, -0.2196820229291916, -0.09013482928276062, 0.42959028482437134, -0.4298587441444397, -0.17481744289398193, 0.07734944671392441, 0.09105345606803894, -0.4925870895385742, -0.10538125783205032, 0.432767391204834, 0.059502772986888885, -0.15793758630752563, 0.4120292663574219, -0.4239882528781891, -0.48110082745552063, -0.1792229264974594]","[1, 0, 0, 1, 1, 0, 0, 1, 0, 0, 0, 1, 1, 0, 1, 0, 1, 0, 1]"
