,data_id,y_pred,markov_blanket_pred
0,data_199180bb,"[-0.9095904231071472, -0.07463124394416809, 0.14335274696350098, -0.49224793910980225, 0.4252658188343048, -1.698417067527771, -1.3682465553283691, -0.145527645945549, -1.0108299255371094, -0.9747707843780518, -0.6531509160995483, -0.08279384672641754, -0.29234224557876587, -1.3459928035736084, -0.581554114818573, -0.7284242510795593, -0.883293628692627, 0.19246935844421387, -0.13043038547039032, -1.6241835355758667, 0.6679474711418152, 0.06473161280155182, -0.541420042514801, -1.1092817783355713, -1.9601370096206665, 0.2551058232784271, -1.1939218044281006, -0.8578594923019409, -1.34586763381958, -0.08536535501480103, -0.5919390320777893, -1.3113412857055664, 0.08080710470676422, -0.7239862680435181, -1.0888750553131104, -0.8518213033676147, -0.34996405243873596, -0.7402924299240112, -0.5327141880989075, -0.8199256658554077, -0.8209848999977112, -0.3122633099555969, -1.758346438407898, -0.48341986536979675, 0.7189993858337402, -1.5955157279968262, -0.8014868497848511, -0.49652573466300964, 0.5709332823753357, -0.9118980169296265, -1.2135952711105347, -0.7440124750137329, -0.7885163426399231, -1.4375351667404175, -0.8144639730453491, 0.3709862232208252, -0.6752201318740845, -0.5660877823829651, -0.256924569606781, -1.3965601921081543, -0.04995798319578171, 0.051314204931259155, -1.3045268058776855, -0.2875899076461792, 0.48124605417251587, -0.05293547734618187, -0.6045346260070801, -1.0093858242034912, -0.845029354095459, -0.6979228854179382, -1.7284162044525146, -0.4188923239707947, 0.37013888359069824, -1.3320019245147705, -0.7484404444694519, -2.4598543643951416, -0.5074933171272278, -0.7574604153633118, -1.0419511795043945, -0.8568906188011169, -1.3127858638763428, -0.145614892244339, -1.3827509880065918, -0.4637044370174408, -1.1927847862243652, -0.5689680576324463, -1.3594629764556885, 0.1477086842060089, -0.4950000047683716, -0.482466459274292, -0.9618959426879883, 0.5133017301559448, -0.2820900082588196, -0.8733764886856079, -1.8682916164398193, -0.40411871671676636, -1.0485756397247314, -1.880502700805664, -0.6238435506820679, -1.3906230926513672]","[0, 0, 1, 1, 1, 1, 1, 0, 0, 0, 0, 1, 0, 0, 0, 0, 0, 0, 1]"
1,data_36d2b833,"[0.7128349542617798, 1.0130257606506348, 0.8110085725784302, 1.5463957786560059, 0.7230693697929382, 0.7737334966659546, 1.4515109062194824, 1.182887077331543, 1.0030946731567383, 0.8658615350723267, 0.930726170539856, 1.5870403051376343, 0.5879427790641785, 1.1706006526947021, 0.8406424522399902, 1.5529124736785889, 0.7227224111557007, 0.7770425081253052, 0.9776151180267334, 0.7786722779273987, 0.8372901678085327, 1.4428715705871582, 1.6363577842712402, 0.9158993363380432, 1.2950551509857178, 1.4235259294509888, 0.7901105880737305, 0.7698010206222534, 0.7963588237762451, 1.3330128192901611, 1.5755726099014282, 0.9289082288742065, 1.0694639682769775, 0.963282585144043, 1.3550078868865967, 0.6387606263160706, 1.5165835618972778, 1.4314301013946533, 1.0010900497436523, 1.4535191059112549, 0.6102244853973389, 1.345567226409912, 0.7742504477500916, 1.271545171737671, 0.8886325359344482, 0.9760839939117432, 0.8554129004478455, 0.6109673976898193, 0.8744862079620361, 0.7997532486915588, 0.8753049373626709, 0.757713258266449, 0.49757111072540283, 0.906980037689209, 1.1744208335876465, 0.8904382586479187, 0.8606518507003784, 0.7455556988716125, 1.3760976791381836, 1.398197889328003, 1.0217580795288086, 1.495941400527954, 0.8302897214889526, 1.0189396142959595, 0.7912697792053223, 0.7152684926986694, 1.2296195030212402, 1.0677204132080078, 0.5559903383255005, 0.9210900068283081, 0.7770594954490662, 1.9916831254959106, 0.8674498200416565, 0.757478654384613, 1.3749959468841553, 0.886235237121582, 0.6632211208343506, 0.7217861413955688, 0.6750853061676025, 1.3896360397338867, 0.8229131698608398, 0.8285921812057495, 0.7565286159515381, 0.5426813960075378, 1.0994387865066528, 0.8515661954879761, 1.91795015335083, 1.0664880275726318, 0.8538572788238525, 0.6044099926948547, 1.5621947050094604, 0.5196787118911743, 0.8500930070877075, 1.014906406402588, 0.9138469696044922, 1.3881080150604248, 0.8144834041595459, 0.9542890787124634, 0.984268069267273, 0.6532213091850281]","[1, 1, 1, 0, 0, 0, 1, 1, 1]"
2,data_e84cde01,"[-0.6406248807907104, -0.22356030344963074, -1.0515263080596924, -0.20810061693191528, -0.11533523350954056, -0.44012320041656494, -0.2752147316932678, -0.5642164349555969, -0.44446542859077454, 0.6307011842727661, -0.5268262624740601, -0.101932592689991, -0.11735256016254425, -0.3251665234565735, -0.3981567621231079, -0.2699660658836365, -0.31287163496017456, -0.2574092745780945, -0.3653343617916107, -0.266856849193573, -0.4485182464122772, -0.3183169960975647, -0.4195084273815155, -0.4335271418094635, -0.2950790524482727, -0.5295965671539307, -0.5139209628105164, -0.4803548753261566, -0.43968677520751953, -0.35267865657806396, -0.6398958563804626, -0.09257489442825317, -0.2175174355506897, -0.5630569458007812, -0.3725505471229553, -0.11660981923341751, -0.47090083360671997, -0.24662253260612488, -0.6798097491264343, -0.5678222179412842, 0.0785728245973587, -0.8404968976974487, -0.25532394647598267, -0.3700129985809326, -0.41007885336875916, -0.9415430426597595, -0.5045152902603149, 0.11072970926761627, -0.05952965095639229, -0.42711153626441956, -0.26608461141586304, 0.2523723244667053, -0.10695759952068329, -0.2145136594772339, -0.5263206958770752, -0.032789189368486404, -0.6653285026550293, -0.4294087290763855, -0.09785859286785126, -0.39242470264434814, 0.24599908292293549, -0.408793568611145, -0.2208646833896637, -0.4491899609565735, -0.37436896562576294, -0.056723032146692276, -0.29154840111732483, -0.02804347313940525, -0.3571588099002838, -0.4637259244918823, -0.533437967300415, -0.3027803897857666, -0.45959144830703735, 0.042873673141002655, -0.7531160116195679, -0.04250393435359001, -0.22679126262664795, -0.419429212808609, -0.18407663702964783, -0.23510891199111938, -0.7263988256454468, -0.2634584307670593, -0.2180744856595993, -0.5933954119682312, 0.2127583622932434, -0.21873804926872253, -0.047977566719055176, -0.21060994267463684, -0.25105127692222595, -0.1416575014591217, -0.3728231191635132, -0.32649827003479004, -0.5133566856384277, -0.6082121133804321, -0.1401219218969345, -0.22678516805171967, -0.03872387856245041, -0.4393838047981262, -0.39082035422325134, -0.32182586193084717]","[1, 1, 0, 0, 0, 1, 0, 0, 0]"
3,data_d4df06d1,"[0.10810604691505432, -0.03417778015136719, -0.05854465067386627, -0.17283816635608673, 0.053040049970149994, -0.12617215514183044, -0.09585745632648468, -0.06556037813425064, 0.07779552042484283, 0.034264691174030304, -0.04834757000207901, 0.06093968078494072, 0.015548177063465118, 0.0020224996842443943, -0.07514958083629608, -0.07163313031196594, -0.026141706854104996, 0.0459970086812973, -0.11929772794246674, -0.129693865776062, 0.07522112131118774, 0.06683335453271866, -0.05930386483669281, -0.035727452486753464, -0.009099089540541172, -0.02527051791548729, -0.10264642536640167, -0.03129712492227554, -0.028617361560463905, -0.024919982999563217, -0.01261999923735857, -0.015804262831807137, 0.08794921636581421, 0.004859990905970335, 0.001028616214171052, -0.10535730421543121, 0.08878675103187561, -0.05751461535692215, -0.061250071972608566, 0.006722819991409779, -0.04910140857100487, 0.011244675144553185, -0.11629689484834671, -0.024572039023041725, -0.013891183771193027, -0.0761127695441246, -0.0403030589222908, 0.09968029707670212, -0.003249167464673519, -0.052736423909664154, -0.028546560555696487, 0.008775902912020683, 0.0010781909804791212, -0.0419439971446991, -0.035312719643116, 0.021655380725860596, -0.006822566501796246, -0.07679900527000427, -0.04797765612602234, -0.07499996572732925, 0.07690075039863586, -0.061713047325611115, -0.09395777434110641, 0.04650649428367615, -0.09332320094108582, -0.09426800906658173, -0.0426701083779335, 0.009507711976766586, -0.051814064383506775, -0.0120551697909832, 0.020707029849290848, -0.028018541634082794, -0.046151623129844666, 0.0880284458398819, 0.040326811373233795, -0.05374390631914139, 0.0704147145152092, -0.12724827229976654, -0.022828219458460808, 0.04460712894797325, 0.06741590797901154, 0.09317485988140106, 0.046762630343437195, 0.033708758652210236, 0.04448404163122177, -0.008469139225780964, -0.04299384728074074, -0.0037268446758389473, -0.051278114318847656, -0.04026031121611595, 0.018985431641340256, 0.02220391482114792, -0.027322854846715927, -0.039894863963127136, -0.03035116009414196, 0.029324311763048172, -0.10858367383480072, -0.08417181670665741, -0.01718737930059433, -0.05708123743534088]","[0, 0, 0, 0, 0, 0, 0, 0, 0, 0, 0, 0, 0, 0, 0, 0, 1, 0, 0]"
4,data_645b0390,"[1.1282484531402588, 0.6140909194946289, 1.0718820095062256, 0.9601683616638184, 1.1014267206192017, 1.0062849521636963, 1.0862808227539062, 1.0479528903961182, 0.9989650249481201, 0.8768380880355835, 0.5087709426879883, 1.0690345764160156, 0.6791077256202698, 0.9421645402908325, 1.0605180263519287, 0.9520982503890991, 1.0084600448608398, 0.9968576431274414, 1.297083854675293, 1.0279524326324463, 1.2651013135910034, 0.9777148962020874, 0.9798359870910645, 1.0460326671600342, 0.946491003036499, 0.9314723610877991, 0.8933664560317993, 0.9153887033462524, 1.021262526512146, 0.7758297920227051, 0.5657544136047363, 0.7610461711883545, 0.9219940304756165, 0.7313721179962158, 0.5961413383483887, 0.8218278884887695, 1.239277958869934, 0.9963638782501221, 0.9098819494247437, 1.3950345516204834, 0.9599643349647522, 0.8678683638572693, 0.8194246292114258, 1.0295519828796387, 1.2356975078582764, 0.7191634178161621, 0.7426959276199341, 0.7543296813964844, 0.6246806383132935, 0.7882761359214783, 0.9530487060546875, 0.6622139811515808, 1.056179404258728, 1.0087720155715942, 1.2588527202606201, 1.3460216522216797, 1.0503208637237549, 0.9676858186721802, 0.851603627204895, 1.146513819694519, 0.8151689767837524, 1.011555790901184, 0.5964962244033813, 1.1516413688659668, 0.7409447431564331, 1.0712579488754272, 1.173855185508728, 1.013508915901184, 0.8720439076423645, 1.063137173652649, 1.1927168369293213, 1.2826342582702637, 1.2787883281707764, 1.0667613744735718, 0.5040026903152466, 0.6796761155128479, 0.938443124294281, 0.9915754795074463, 0.9725633859634399, 0.47058844566345215, 0.977927565574646, 1.3679275512695312, 0.9508947134017944, 1.0652737617492676, 0.8689417839050293, 0.9048508405685425, 1.0483338832855225, 0.7753245830535889, 1.1555465459823608, 0.7267777919769287, 1.014020323753357, 0.8968703746795654, 0.967564582824707, 0.7630290985107422, 0.7532596588134766, 0.9278432726860046, 0.766197144985199, 1.181922435760498, 0.7264686822891235, 1.213015079498291]","[1, 1, 1, 0, 0, 1, 1, 0, 0]"
5,data_a017dbde,"[0.09558415412902832, -0.038413241505622864, -0.05747109651565552, -0.051894575357437134, 0.034546464681625366, 0.034012362360954285, 0.0009134726715274155, 0.017442157492041588, -0.07630039751529694, 0.18951192498207092, -0.05501248687505722, 0.17225691676139832, 0.015106668695807457, -0.061539426445961, 0.006070174276828766, 0.0692937821149826, 0.012286990880966187, 0.05706431716680527, 0.12889662384986877, 0.03410010412335396, -0.13287779688835144, -0.13677000999450684, 0.0070875296369194984, -0.004552596248686314, -0.07922723889350891, -0.1829717755317688, -0.04393046721816063, 0.020808467641472816, 0.04923481494188309, -0.11115303635597229, -0.09850183874368668, -0.11800678819417953, 0.04666812717914581, 0.09070035070180893, -0.099273681640625, 0.06727604568004608, 0.056293122470378876, -0.11287325620651245, 0.0757579654455185, -0.06677211821079254, 0.25544461607933044, 0.06355400383472443, -0.04382116347551346, -0.048927679657936096, -0.011290903203189373, 0.04872535169124603, -0.14687451720237732, 0.0027626685332506895, -0.15360140800476074, -0.012203538790345192, -0.10994694381952286, -0.02796187251806259, -0.07496041059494019, 0.17860141396522522, 0.1978873908519745, 0.04942953959107399, 0.08493991196155548, 0.07485754787921906, -0.09383183717727661, 0.04864657670259476, -0.07835868000984192, -0.07584746181964874, 0.130623459815979, 0.06624997407197952, -0.08196672797203064, -0.14954613149166107, 0.01240164041519165, -0.03647712245583534, -0.09671023488044739, 0.07564002275466919, -0.06878048181533813, -0.1440427005290985, -0.013232389464974403, -0.044201821088790894, -0.01869390532374382, -0.059164561331272125, -0.023811709135770798, 0.07894156128168106, -0.22171424329280853, 0.23214755952358246, 0.01105401199311018, 0.11818904429674149, 0.1428164839744568, 0.206617534160614, -0.09075789153575897, 0.10862971842288971, -0.005720947869122028, -0.048361726105213165, 0.17823900282382965, -0.17102104425430298, 0.043500859290361404, 0.19067609310150146, -0.025669598951935768, 0.033864542841911316, 0.03300299867987633, 0.11264607310295105, 0.06811241805553436, -0.07445943355560303, 0.022025711834430695, 0.15855440497398376]","[0, 1, 1, 0, 0, 0, 0, 0, 0]"
6,data_f308f199,"[-0.16699272394180298, -0.04396844655275345, -0.04935997352004051, -0.13944116234779358, 0.05436958372592926, -0.19585314393043518, -0.11507615447044373, -0.190220445394516, -0.09070806205272675, 0.2446763962507248, -0.11651362478733063, -0.22129154205322266, 0.31602442264556885, -0.051764484494924545, -0.08252821862697601, -0.05110086500644684, -0.028616715222597122, -0.1263045221567154, -0.008066296577453613, -0.10622311383485794, 0.0010610350873321295, -0.356422483921051, -0.0521140918135643, 0.019855555146932602, 0.03248382359743118, 0.0807543694972992, 0.5347513556480408, -0.23096027970314026, -0.19190531969070435, 0.3715883493423462, 0.12987281382083893, 0.11621098220348358, -0.17616060376167297, -0.1197417676448822, -0.29209011793136597, 0.35942181944847107, 0.43592292070388794, -0.12801504135131836, 0.061523254960775375, 0.36592909693717957, -0.1476259082555771, 0.12904766201972961, -0.09775593876838684, -0.25017088651657104, -0.15310341119766235, -0.13679680228233337, -0.15230399370193481, -0.07841942459344864, 0.198027104139328, 0.07322730869054794, 0.1518714278936386, 0.23748023808002472, -0.16048076748847961, -0.04228577762842178, -0.06474393606185913, -0.08743397891521454, -0.03077724389731884, -0.27594488859176636, 0.07827998697757721, 0.20662137866020203, -0.1302056610584259, 0.2988021969795227, 0.2741321921348572, -0.012572459876537323, -0.050786882638931274, -0.16452272236347198, -0.19052261114120483, -0.05536224693059921, -0.31915730237960815, 0.3639388084411621, -0.2794231176376343, 0.17909136414527893, -0.3305267095565796, 0.24855422973632812, -0.08033432066440582, 0.04644612967967987, 0.6502214074134827, 0.10767226666212082, -0.055377501994371414, 0.14359253644943237, 0.10373635590076447, 0.24990572035312653, -0.14120438694953918, -0.018477533012628555, -0.2319803684949875, 0.1243077963590622, -0.27003055810928345, 0.27974265813827515, -0.2254141867160797, 0.07802492380142212, 0.19044724106788635, 0.04306316003203392, 0.31885743141174316, 0.3458118438720703, 0.13185635209083557, 0.035845138132572174, -0.13020023703575134, 0.3751784861087799, 0.11022273451089859, 0.026750003919005394]","[0, 0, 1, 1, 0, 0, 0, 0, 0, 0, 0, 0, 0, 1, 0, 1, 0, 0, 1]"
7,data_d3895e55,"[0.6752207279205322, 0.04135867953300476, 1.262046217918396, 0.36906808614730835, 0.33460116386413574, 0.8306021690368652, 0.5593580007553101, 0.05768781155347824, 0.9619846940040588, 0.6082648634910583, 1.0677964687347412, 1.047634482383728, 0.651993453502655, 0.353386789560318, -0.33328327536582947, 0.19751793146133423, 0.2343471348285675, 1.1597903966903687, 0.2401527464389801, 1.1148018836975098, 0.5238977670669556, 0.4521354138851166, 1.3019968271255493, 0.6052896976470947, -0.607528805732727, 0.1740182340145111, 1.1602197885513306, 0.19498027861118317, 0.6494725942611694, 0.6457226872444153, 0.9856793284416199, 1.1026978492736816, 0.3899349570274353, 0.7148350477218628, 0.22118428349494934, -0.4122152626514435, 0.6136410236358643, 0.03865065798163414, 1.1924670934677124, -0.15868137776851654, 0.5691038370132446, 0.4642605781555176, -0.22281919419765472, 0.36732882261276245, 1.6818442344665527, 0.9649174213409424, -1.0154613256454468, 0.8909299373626709, 1.1947975158691406, 1.019586443901062, 1.7109520435333252, -0.03600427508354187, 1.621058464050293, 0.008928695693612099, 0.1418839991092682, 0.3437132239341736, -0.000253272068221122, 0.2348320186138153, 1.2583799362182617, 0.4724574685096741, 0.9486998915672302, 0.5463899970054626, 0.7623072266578674, 0.6578967571258545, 0.19641102850437164, 0.2576698660850525, 1.4208921194076538, 0.6334328651428223, 0.3287746012210846, 0.24531704187393188, -0.0945349708199501, -0.21076731383800507, -0.21308597922325134, 0.18466512858867645, 0.5575752854347229, 0.6231435537338257, 0.2455505132675171, -0.030163675546646118, 0.5390539169311523, -0.17174462974071503, 0.6941110491752625, 1.3652958869934082, 0.7212550640106201, 0.2494114339351654, 0.8546481728553772, 0.43181419372558594, 0.29192376136779785, 0.04950593784451485, 0.2888118624687195, 0.565990686416626, 0.7095239162445068, 0.7938281297683716, 0.9908832311630249, 0.5906761884689331, -0.12290541082620621, 0.638019859790802, 0.3682860732078552, 1.3009681701660156, -0.6370531320571899, 0.8087666034698486]","[0, 0, 0, 0, 0, 0, 0, 1, 0, 0, 0, 0, 1, 0, 0, 1, 0, 0, 0]"
8,data_64fb3c1c,"[0.36148327589035034, -0.5004006624221802, -0.6663997173309326, 1.1902486085891724, -0.43845731019973755, 0.14388597011566162, -0.1572166085243225, -0.5476202964782715, 0.1448543816804886, 0.4156416058540344, -0.22194582223892212, -0.45568281412124634, -0.11692003905773163, 0.5607072114944458, -0.7432510852813721, -0.3322824239730835, 0.10039111226797104, 0.17742586135864258, -0.0709838941693306, -0.4547130763530731, -0.37259969115257263, -0.0031300741247832775, -0.23775605857372284, 0.8838976621627808, -0.18776759505271912, 0.6751047372817993, 0.008652666583657265, -0.8661218881607056, -0.14330816268920898, -0.09773476421833038, -0.2491258978843689, -0.11803258955478668, 0.6543113589286804, -0.28917378187179565, -0.704767107963562, 0.22722506523132324, -0.01675407961010933, -0.882370114326477, -0.5697755217552185, -0.5377280712127686, -0.22763743996620178, -0.54493647813797, -0.20601040124893188, -0.31593865156173706, -0.1421971470117569, 0.05425167828798294, 0.644797146320343, -0.5110026597976685, -0.38638466596603394, 0.3930436372756958, 0.6124142408370972, 0.039088115096092224, -0.5185320377349854, -0.15923604369163513, -1.0923120975494385, 0.8390634059906006, -0.2667244076728821, -0.2652967572212219, -0.844031035900116, -0.43876326084136963, 0.5931336879730225, 1.1199581623077393, -0.20286458730697632, 0.31077611446380615, 1.050156593322754, -0.8375165462493896, 0.5798767805099487, 0.36793646216392517, 0.8287370204925537, 0.16504251956939697, 0.6988976001739502, 0.0305312667042017, -0.863698422908783, 0.007611035834997892, 0.47213685512542725, 0.023682165890932083, -0.20695477724075317, 0.2838115096092224, -0.02630557306110859, -0.021593492478132248, -0.021239805966615677, -0.5849031209945679, -0.4809108376502991, 0.502498209476471, 0.2999420166015625, -0.784953236579895, -0.3783014118671417, 0.3102480471134186, -0.22465670108795166, -0.47288525104522705, -0.039888978004455566, 0.20833943784236908, -0.6009761095046997, -0.9910945296287537, -0.03155593201518059, 0.5429651737213135, 0.1686011701822281, -0.16256742179393768, 1.097078800201416, 0.18657386302947998]","[1, 0, 0, 0, 1, 0, 0, 0, 0]"
9,data_9bdeddda,"[1.1107561588287354, 1.1771183013916016, 1.103747010231018, 1.0683143138885498, 1.0734589099884033, 1.0756909847259521, 1.0528451204299927, 1.157283902168274, 1.056199312210083, 1.1192067861557007, 1.0033998489379883, 1.01792311668396, 0.9864066243171692, 1.086024522781372, 1.1257810592651367, 1.0403683185577393, 1.0681554079055786, 1.078559160232544, 1.0633102655410767, 1.112107276916504, 1.1675490140914917, 1.1775065660476685, 1.0432885885238647, 1.0351712703704834, 1.1224000453948975, 1.0875670909881592, 0.986003041267395, 1.028198480606079, 1.0059318542480469, 1.1184296607971191, 1.1304569244384766, 1.0108287334442139, 1.0623825788497925, 1.0522561073303223, 1.006697177886963, 1.0798152685165405, 1.0640933513641357, 1.0523416996002197, 1.1211974620819092, 1.0698585510253906, 1.0453739166259766, 1.029698371887207, 1.06581711769104, 1.1075938940048218, 1.1214189529418945, 1.0041515827178955, 1.1592695713043213, 1.1413917541503906, 1.010022521018982, 0.8957724571228027, 1.0646607875823975, 1.0986568927764893, 1.1432526111602783, 1.0449082851409912, 1.1332411766052246, 1.1269170045852661, 1.0715868473052979, 1.129599928855896, 1.1100428104400635, 1.0623939037322998, 1.009710669517517, 1.066901445388794, 1.0603089332580566, 1.066894769668579, 1.0583961009979248, 1.1030704975128174, 1.040931224822998, 1.1043349504470825, 1.0417671203613281, 1.1345806121826172, 1.0492048263549805, 1.0938611030578613, 1.130284070968628, 1.0440969467163086, 1.142808437347412, 1.0084865093231201, 1.088099479675293, 1.0631358623504639, 1.0153915882110596, 1.0264803171157837, 1.0801312923431396, 1.1088297367095947, 1.0351568460464478, 1.0614418983459473, 1.0895657539367676, 1.0305343866348267, 1.0210659503936768, 1.1037036180496216, 1.1279466152191162, 1.0350682735443115, 1.0327348709106445, 0.9562009572982788, 1.1569185256958008, 1.073669195175171, 1.078378677368164, 1.1139159202575684, 1.020890474319458, 0.974988579750061, 1.0496139526367188, 1.1208243370056152]","[0, 0, 1, 0, 0, 0, 0, 0, 0, 0, 0, 0, 0, 0, 0, 0, 0, 0, 1]"
10,data_b3e70cb1,"[0.1400047242641449, -0.14297927916049957, 0.07236430048942566, -0.06621700525283813, -0.017810748890042305, 0.13405612111091614, -0.08381126821041107, 0.09600640833377838, -0.057915098965168, 0.07556568086147308, 0.09408219158649445, -0.07224130630493164, -0.06350629776716232, 0.09375257790088654, 0.10128606855869293, -0.04736071825027466, 0.03735017031431198, 0.08181067556142807, 0.03027636930346489, 0.05413836985826492, -0.022980064153671265, -0.0372922345995903, 0.16930219531059265, 0.20762446522712708, 0.1786724328994751, 0.08066488802433014, 0.11218123883008957, 0.036677975207567215, 0.06986168026924133, -0.13643792271614075, -0.0776635929942131, 0.022394727915525436, -0.15711568295955658, 0.009353764355182648, 0.07176142185926437, 0.12207400798797607, -0.09341239929199219, 0.09270069003105164, -0.19938895106315613, 0.11269503831863403, 0.20414391160011292, -0.023729030042886734, 0.11143128573894501, 0.02896953746676445, 0.04801763966679573, 0.08787581324577332, -0.11160548031330109, 0.010327905416488647, -0.11117227375507355, 0.12929341197013855, 0.14316079020500183, 0.07193920761346817, 0.09456723183393478, -0.053897880017757416, 0.09828582406044006, -0.196109801530838, -0.012307482771575451, -0.03515294939279556, 0.1645021140575409, 0.15570271015167236, 0.03283125162124634, 0.08602447807788849, 0.07775162160396576, -0.05919820815324783, -0.03422973304986954, 0.17057320475578308, -0.11424510180950165, 0.024768084287643433, 0.06179344654083252, 0.19974181056022644, 0.02937272936105728, 0.1880301833152771, 0.8279908895492554, 0.19472964107990265, 0.11737377941608429, -0.1375010907649994, 0.031925808638334274, 0.03151388093829155, -0.06895682960748672, -0.023199979215860367, 0.0754941999912262, 0.1223941519856453, 0.17153044044971466, -0.14089788496494293, 0.08991152048110962, -0.039734847843647, 0.011626002378761768, -0.028992794454097748, -0.0842972993850708, 0.008784527890384197, 0.041771937161684036, 0.22839701175689697, 0.10398963838815689, 0.11790774762630463, 0.1362985074520111, -0.026267042383551598, 0.041196342557668686, -0.14676488935947418, -0.1562136858701706, 0.024787111207842827]","[0, 0, 1, 0, 0, 0, 1, 0, 0]"
11,data_bb0cbfa2,"[-0.06115328148007393, 0.06718168407678604, 0.24888797104358673, -0.10226693004369736, -0.1497655212879181, 0.2121378779411316, -0.17539913952350616, 0.5444433093070984, -0.03808603435754776, 0.18625618517398834, -0.03569553419947624, -0.0741516649723053, -0.23423877358436584, 0.15208806097507477, -0.04349302500486374, -0.11970121413469315, -0.27861982583999634, 0.066762275993824, -0.6335556507110596, -0.07162612676620483, -0.2188747078180313, -0.0979335755109787, 0.02521257847547531, -0.35543930530548096, -0.3447214663028717, 0.28629404306411743, -0.18819981813430786, -0.12811516225337982, 0.23199617862701416, -0.21433642506599426, -0.1564217358827591, 0.22340747714042664, -0.5142124891281128, -0.1070093959569931, -0.3117154836654663, 0.12200597673654556, -0.0174727700650692, -0.11362099647521973, 0.48259225487709045, 0.41654327511787415, -0.0957333892583847, 0.17376847565174103, 0.2169293314218521, 0.0046212682500481606, -0.10179844498634338, 0.3176342844963074, -0.3762180209159851, 0.053497619926929474, 0.09094496816396713, 0.22372794151306152, -0.4012460708618164, 0.18423233926296234, -0.5342192649841309, 0.18862758576869965, 0.09579145908355713, -0.22084426879882812, 0.0028352977242320776, -0.15303942561149597, -0.16674531996250153, -0.5397417545318604, 0.3758111000061035, 0.19411540031433105, -0.43669816851615906, 0.04859454184770584, 0.18916627764701843, 0.23618660867214203, 0.6044748425483704, 0.10371065139770508, -0.278376042842865, 0.1444602757692337, -0.3692898154258728, -0.17008452117443085, -0.21860457956790924, 0.2747422158718109, 0.345053493976593, 0.24654719233512878, 0.4049972593784332, -0.07070808112621307, -0.2014017403125763, 0.25429487228393555, -0.026861798018217087, -0.0698230192065239, -0.05679282918572426, -0.08551858365535736, 0.0615653358399868, -0.03216608613729477, 0.14713576436042786, 0.003916443325579166, 0.28680434823036194, 0.043703168630599976, 0.1963462382555008, 0.2977256178855896, 0.0353628545999527, -0.33519333600997925, 0.056858643889427185, 0.0009038501884788275, -0.2184341549873352, 0.34342890977859497, 0.6337041854858398, 0.19852367043495178]","[0, 1, 1, 1, 0, 0, 0, 1, 0]"
12,data_d877fcc7,"[-0.025077741593122482, 0.035119082778692245, -0.27898573875427246, -0.2285100817680359, 0.5219043493270874, -0.10070109367370605, 0.11391045898199081, -0.02408139780163765, -0.11300929635763168, -0.3843097984790802, -0.2774657607078552, -0.2714371681213379, -0.2998110055923462, -0.47209852933883667, -0.11133061349391937, -0.5756924152374268, -0.24978677928447723, -0.07594655454158783, 0.10262022912502289, -0.4463248550891876, -0.2116604894399643, -0.3212842047214508, -0.7446906566619873, -0.15087366104125977, -0.38809734582901, -0.5508494973182678, -0.45460984110832214, -0.21519434452056885, -0.2510809302330017, -0.2539920210838318, 0.4943366050720215, 0.11854760348796844, -0.141358882188797, -0.40050026774406433, -0.18623708188533783, -0.17059749364852905, -0.1506393551826477, 0.08064395189285278, 0.19354751706123352, -0.5848534107208252, -0.3725687563419342, -0.3150138258934021, -0.5274394750595093, -0.35956040024757385, -0.8648101091384888, -0.5067025423049927, -0.3204258680343628, -0.0212232805788517, -0.24197936058044434, 0.27702778577804565, -0.49246764183044434, -0.1020893007516861, -0.5556057691574097, 0.03420381247997284, -0.23617485165596008, -0.30595678091049194, -0.7708659768104553, 0.086890809237957, -0.19063469767570496, 0.42297840118408203, -0.27717894315719604, -0.25193995237350464, -0.34210288524627686, -0.46584415435791016, 0.022646263241767883, 0.01822069101035595, -0.05134483054280281, -0.25978416204452515, -0.46421635150909424, -0.4823196828365326, -0.4388987421989441, -0.08148178458213806, -0.2525562644004822, -0.24601973593235016, -0.25430816411972046, 0.03184795007109642, 0.03217548877000809, -0.42764025926589966, -0.5515803098678589, 0.022819794714450836, -0.09540554881095886, -0.002626103814691305, -0.5476256608963013, -0.2696489095687866, -0.04590923339128494, -0.0036977047566324472, -0.05339478701353073, -0.11737532913684845, 0.09220867604017258, 0.4356268048286438, -0.18940791487693787, 0.5124644637107849, 0.035209283232688904, -0.10697412490844727, -0.5561882257461548, -0.550862729549408, -0.36291974782943726, -0.3646441102027893, -0.32050132751464844, 0.08666528761386871]","[1, 0, 0, 0, 1, 0, 0, 0, 0]"
13,data_7b56d868,"[-0.38800519704818726, 0.4091440439224243, 0.3243667185306549, -0.1884474754333496, -0.0711013525724411, 0.0041533419862389565, -0.04472851753234863, -0.305547833442688, -0.19279366731643677, 0.35140538215637207, 0.152029886841774, 0.17584246397018433, 0.11212503910064697, -0.1062803566455841, 0.11275564134120941, -0.2221525013446808, 0.13261304795742035, 0.06240573897957802, 0.20975777506828308, 0.09678799659013748, 0.09948015958070755, 0.21116726100444794, 0.37157779932022095, 0.19025205075740814, 0.00463227741420269, 0.02626550756394863, -0.20842662453651428, -0.0045897094532847404, -0.03960738331079483, 0.37650954723358154, -0.25094032287597656, -0.016782600432634354, -0.0594087578356266, -0.12281248718500137, 0.14828072488307953, -0.2229098379611969, -0.073649100959301, -0.07658535242080688, -0.18323104083538055, -0.2032100260257721, -0.13402295112609863, 0.03363749384880066, -0.2879130244255066, -0.1387791931629181, 0.17363348603248596, -0.07392655313014984, 0.06642270088195801, 0.30811938643455505, 0.12676425278186798, -0.04186082258820534, -0.06748509407043457, 0.050280068069696426, 0.315120667219162, 0.012727432884275913, -0.28046220541000366, -0.189326211810112, -0.35343366861343384, 0.11726315319538116, 0.08702323585748672, -0.2538924813270569, -0.11407383531332016, 0.12538519501686096, -0.3546438217163086, -0.1845833957195282, -0.10870184004306793, 0.015787333250045776, -0.09971574693918228, -0.1127522885799408, 0.12125208973884583, -0.13974516093730927, 0.19110503792762756, 0.40258848667144775, 0.021263424307107925, -0.07570381462574005, -0.1394241452217102, -0.03298180177807808, -0.04819997400045395, 0.16476812958717346, -0.38416874408721924, 0.27457720041275024, -0.07534878700971603, -0.0552811399102211, 0.15404677391052246, 0.02111252397298813, -0.045167431235313416, -0.011517992243170738, 0.17068828642368317, 0.45342540740966797, -0.009670051746070385, 0.02750246971845627, -0.044717639684677124, 0.1862538605928421, -0.2252029925584793, -0.11137805879116058, 0.10063481330871582, 0.241964191198349, -0.11811643838882446, -0.3552972078323364, 0.2343827784061432, -0.2240018993616104]","[0, 1, 0, 1, 0, 0, 1, 0, 1]"
14,data_bc611099,"[0.8192381858825684, 1.0958446264266968, 0.9632686376571655, 1.2477362155914307, 1.025593638420105, 1.0936683416366577, 0.9338918924331665, 0.7538489103317261, 0.9327947497367859, 0.9694174528121948, 1.1082899570465088, 1.004838228225708, 0.8581439852714539, 0.7627661228179932, 0.9248534440994263, 0.7996872067451477, 0.9346662759780884, 1.1791372299194336, 1.055748462677002, 0.8798173666000366, 0.8699825406074524, 1.1982383728027344, 0.7062492370605469, 1.0273425579071045, 0.9493491053581238, 0.9983654022216797, 1.1875889301300049, 0.998088002204895, 1.0740751028060913, 0.8685028553009033, 0.7770630121231079, 0.8560773134231567, 0.8805710077285767, 1.011533260345459, 1.0681440830230713, 0.7581264972686768, 0.8941946029663086, 0.7880005836486816, 0.9101526141166687, 0.9271493554115295, 0.7532143592834473, 0.9947266578674316, 0.8546541929244995, 0.9474508166313171, 0.9925860166549683, 0.7872025966644287, 1.055728554725647, 0.7148273587226868, 0.8869994282722473, 0.9541802406311035, 1.044525384902954, 0.8395524024963379, 0.8098167181015015, 0.9768268465995789, 0.8685606718063354, 0.9810800552368164, 1.0715733766555786, 0.9018369913101196, 1.1821049451828003, 1.1791383028030396, 0.7904536724090576, 0.9266083240509033, 0.7664715647697449, 0.750322699546814, 1.0054237842559814, 1.0937728881835938, 0.745145320892334, 1.1310745477676392, 0.8376508951187134, 0.9068078398704529, 0.9812612533569336, 0.9881787896156311, 0.9094053506851196, 0.7981794476509094, 1.1790924072265625, 0.9716204404830933, 1.0544066429138184, 0.9785003662109375, 1.0622084140777588, 0.8653227090835571, 0.9052796363830566, 0.8692734241485596, 1.004952073097229, 1.119554877281189, 0.9104361534118652, 1.0070091485977173, 0.8612654209136963, 1.024254560470581, 0.8648621439933777, 1.0590447187423706, 0.7914101481437683, 0.9167855978012085, 0.8486851453781128, 1.022533893585205, 0.8352552652359009, 1.153489351272583, 1.0131908655166626, 0.9425922632217407, 0.8954837322235107, 0.7363103032112122]","[0, 0, 1, 0, 0, 0, 0, 0, 0, 0, 0, 0, 0, 0, 0, 1, 0, 0, 1]"
15,data_ea127d43,"[-0.43049636483192444, -0.07917408645153046, -0.41103434562683105, -0.17227406799793243, -0.08956310153007507, -0.37941592931747437, 0.13023898005485535, 0.06528881937265396, -0.1498309075832367, -0.10493239760398865, -0.0348580926656723, -0.39600661396980286, -0.13569246232509613, -0.4939585030078888, -0.2674686312675476, 0.030397824943065643, 0.08233694732189178, -0.616226077079773, -0.1847623586654663, -0.19837120175361633, -0.4664970636367798, -0.15185761451721191, -0.22797808051109314, 0.05903523415327072, -0.05812521278858185, -0.0910746306180954, -0.26442334055900574, -0.7115912437438965, -0.3881249725818634, -0.1929505169391632, -0.6888778805732727, 0.09342113137245178, -0.5716298222541809, -0.16473668813705444, 0.15014168620109558, -0.3526974022388458, -0.14072179794311523, -0.6629518270492554, -0.34772080183029175, -0.43727177381515503, -0.7960230708122253, -0.44615989923477173, -0.18205304443836212, -0.9503424167633057, -0.12993952631950378, -0.8225795030593872, -0.5010788440704346, 0.1319478303194046, -0.3640745282173157, -0.0075674522668123245, -0.5756475329399109, -0.07039786875247955, -0.43655455112457275, 0.3960839509963989, -0.5249179601669312, -0.24187308549880981, -0.13989141583442688, -0.6488238573074341, -0.21262308955192566, -0.43164899945259094, -0.3574800193309784, -0.34125757217407227, 0.24135041236877441, -0.2754705548286438, -0.6840019226074219, -0.20211535692214966, -0.11214381456375122, -0.298054575920105, -0.14561215043067932, -0.3454989194869995, 0.126027911901474, -0.32336074113845825, -0.7559434175491333, -0.4618036150932312, -0.18740494549274445, -0.01779451034963131, 0.3412854075431824, -0.343473345041275, -0.5584871768951416, -0.027869444340467453, -0.5764026641845703, -0.20470598340034485, -0.25955700874328613, -0.33148688077926636, -0.37042856216430664, -0.259659081697464, -0.47724851965904236, -0.5658705234527588, -0.5197206139564514, -0.3385116457939148, 0.4611789882183075, -0.26925402879714966, -0.8984086513519287, -0.632077693939209, -0.3251439929008484, -0.22310352325439453, -0.538487434387207, -0.2899702191352844, -0.4518454372882843, 0.31827306747436523]","[1, 0, 0, 1, 0, 0, 0, 0, 1, 1, 0, 1, 0, 0, 1, 1, 0, 0, 1]"
16,data_90023e82,"[0.009386181831359863, -0.3511558473110199, -0.0451926626265049, 0.014577340334653854, -0.44408607482910156, 0.09792307764291763, 0.000873246171977371, 0.08393130451440811, -0.18301472067832947, -0.3383740186691284, -0.3938156068325043, -0.45782244205474854, -0.03308187797665596, -0.20843711495399475, -0.23063412308692932, -0.6241486072540283, -0.37674304842948914, -0.5199811458587646, 0.12747013568878174, -0.08929895609617233, -0.6640377044677734, 0.021469896659255028, -0.17198437452316284, 0.0836155116558075, -0.627130389213562, -0.45398399233818054, -0.39945629239082336, -0.27817782759666443, -0.24379198253154755, -0.1484733670949936, -0.1582389622926712, -0.29350417852401733, -0.135054349899292, -0.4418056607246399, -0.3964260220527649, 0.02796826884150505, -0.13700443506240845, -0.06485478579998016, 0.0013274475932121277, -0.4586217701435089, -0.3394317924976349, -0.1426953375339508, -0.17402979731559753, 0.10416781902313232, -0.06459793448448181, -0.11004188656806946, -0.26779794692993164, -0.16277310252189636, 0.05546003580093384, 0.47034716606140137, 0.07490386068820953, -0.2215825915336609, -0.4826330244541168, 0.05346537381410599, -0.5004332065582275, 0.07395107299089432, -0.17615237832069397, 0.37762773036956787, 0.10086648911237717, -0.30114278197288513, -0.2639705538749695, 0.37227314710617065, -0.12530101835727692, -0.211859792470932, -0.0848093330860138, 0.34818804264068604, -0.3425009846687317, 0.1333146095275879, -0.16438999772071838, -0.22167229652404785, -0.20209872722625732, -0.14608816802501678, 0.14447709918022156, -0.39066505432128906, -0.04259372502565384, -0.31520211696624756, -0.017691664397716522, 0.04849802330136299, -0.4006085991859436, 0.25490912795066833, 0.0693265050649643, -0.282713383436203, -0.28942301869392395, -0.379036009311676, 0.03487991541624069, 0.09788085520267487, -0.08686527609825134, -0.5863226652145386, -0.08966588228940964, -0.3321411609649658, -0.40281978249549866, -0.2270982563495636, -0.24561786651611328, -0.05490044131875038, -0.03392631560564041, -0.13743531703948975, -0.06341101229190826, 0.17857392132282257, -0.0297629963606596, -0.376842737197876]","[0, 0, 1, 1, 1, 0, 0, 0, 1, 0, 1, 0, 0, 0, 0, 1, 0, 0, 0]"
17,data_574a7ab6,"[0.008946327492594719, -0.2988329827785492, -0.16315306723117828, -0.2863736152648926, 0.16534966230392456, -0.1965596228837967, -0.050143610686063766, -0.2534317374229431, -0.2991805374622345, -0.05917472392320633, -0.010644560679793358, -0.4966576099395752, -0.16646675765514374, -0.015642300248146057, -0.11502480506896973, 0.12692376971244812, -0.43236178159713745, -0.23092514276504517, -0.1396617442369461, -0.21251246333122253, -0.14387768507003784, -0.17010480165481567, -0.31786996126174927, -0.2600124478340149, 0.016662511974573135, -0.184795081615448, -0.24492476880550385, 0.4589892625808716, -0.2914310693740845, 0.1884242594242096, 0.032342180609703064, -0.13566723465919495, 0.23334938287734985, -0.24551084637641907, 0.07446593791246414, 0.24133318662643433, 0.06839876621961594, -0.18081465363502502, 0.055319931358098984, -0.4198130965232849, -0.40983128547668457, 0.04264033958315849, -0.4941673278808594, 0.022162312641739845, -0.3831857144832611, 0.43762049078941345, -0.308316707611084, -0.12248453497886658, -0.20288507640361786, -0.2326592206954956, -0.16603003442287445, 0.0642663985490799, 0.14718472957611084, 0.009467062540352345, 0.014297505840659142, 0.17592138051986694, -0.3351665139198303, -0.3995037078857422, 0.555333137512207, -0.3572810888290405, 0.24197569489479065, -0.10327133536338806, -0.0674828588962555, -0.053985558450222015, 0.016578473150730133, -0.2113884687423706, -0.10123251378536224, -0.2605486810207367, -0.432962030172348, 0.20750443637371063, -0.27853840589523315, -0.04490076005458832, 0.4663466811180115, -0.13000914454460144, 0.15570081770420074, -0.26562070846557617, -0.2960559129714966, 0.18453489243984222, -0.1321393847465515, 0.12245164811611176, -0.011530829593539238, -0.5482039451599121, -0.3352595865726471, 0.015197657980024815, -0.10110700130462646, 0.27606770396232605, 0.12017822265625, -0.35302436351776123, -0.17149485647678375, 0.18700334429740906, -0.3525168299674988, -0.230411559343338, -0.35515397787094116, 0.23631581664085388, 0.4242779016494751, 0.05767658352851868, -0.1125219464302063, 0.6236968040466309, -0.1802038848400116, -0.23270419239997864]","[0, 0, 0, 0, 0, 0, 0, 0, 0, 0, 0, 1, 1, 0, 0, 0, 0, 0, 0]"
18,data_6aa7930a,"[-0.1695968508720398, -0.404344379901886, -0.6271421313285828, -1.6165817975997925, -0.29385727643966675, -0.24696815013885498, -0.6831586956977844, -0.8033407926559448, -0.4427468776702881, -0.9889761209487915, -0.6420072913169861, -0.030058715492486954, -0.07288886606693268, -0.33507347106933594, -1.1641052961349487, -0.21382971107959747, 0.03499588370323181, -0.03960546851158142, -0.27758991718292236, -0.07462688535451889, -0.3670653700828552, -0.3547651767730713, -1.0055876970291138, -0.699621856212616, -0.7610902786254883, -0.5571334362030029, -0.5089700222015381, -0.3685484230518341, -0.9513624310493469, -0.34490248560905457, -0.3693806231021881, -0.9907438158988953, 0.0550018772482872, -0.7880223393440247, -0.5417900085449219, -0.09778212010860443, -0.5405479669570923, -0.4310930371284485, -0.3911755681037903, -0.45146963000297546, -0.8728713989257812, -0.7713539004325867, -0.48900824785232544, -0.18876659870147705, -0.07094598561525345, -1.0106241703033447, -0.7239719033241272, -1.0454576015472412, -0.9595745205879211, -0.8091901540756226, -0.5363235473632812, -0.14559340476989746, -0.8975147008895874, -0.3045116066932678, 0.04263670742511749, -0.43239542841911316, -0.2969626188278198, -0.7354703545570374, -0.9637178182601929, -1.3366047143936157, -0.10053224116563797, -0.47080492973327637, -0.09836234897375107, -0.7122892141342163, 0.055733174085617065, -0.3071695566177368, -0.5638829469680786, -0.3681941628456116, -0.5022895932197571, -0.5826416611671448, -0.25434091687202454, -0.7224476337432861, -0.24855412542819977, -0.4582100510597229, -0.4142516851425171, -0.6119441986083984, -0.30073416233062744, -0.10762549936771393, -0.42568591237068176, -0.32864445447921753, -0.7313953042030334, -0.36981984972953796, -0.39920154213905334, -0.7517271041870117, -0.12002190947532654, -1.0894417762756348, -0.7293810844421387, -0.27928411960601807, -0.6920535564422607, -0.5588594079017639, -0.3875325322151184, -0.5695476531982422, -0.049922533333301544, -0.7531134486198425, -0.7585134506225586, 0.08935578167438507, -0.4298883080482483, -0.25654131174087524, -0.4183810353279114, 0.018965590745210648]","[0, 1, 1, 0, 0, 1, 0, 1, 0]"
19,data_fb300522,"[0.1839306652545929, -0.6915820240974426, -0.6657891273498535, -0.2597939372062683, -0.7689621448516846, -0.5390055775642395, -0.6747028827667236, 0.04654856026172638, -0.412147581577301, -0.11233796924352646, -0.16553696990013123, -0.37375742197036743, -0.4496210217475891, -0.03942762315273285, -0.699153482913971, -1.0065621137619019, -0.6198446750640869, -0.24630893766880035, 0.3375552296638489, -0.3516136407852173, 0.520777702331543, -0.832439661026001, 0.6304044723510742, -0.2725079655647278, -0.2587819993495941, 0.3420347571372986, -1.027466058731079, -0.6154643297195435, -0.17016096413135529, -0.7320922017097473, -0.1839679628610611, -0.2794910669326782, 0.40004104375839233, -0.26315367221832275, -0.1573038101196289, -0.26976269483566284, -0.5766013860702515, -0.4413924813270569, 0.2842378318309784, -0.49471938610076904, -0.3058244287967682, -0.20724382996559143, -0.09454874694347382, -0.031310971826314926, -0.2617456018924713, -0.8071357607841492, 0.23101089894771576, -0.01633078046143055, 0.16842639446258545, -0.632291853427887, 0.2847352623939514, -0.508337140083313, 0.14028799533843994, -0.4092754125595093, -0.23379233479499817, -0.04076211154460907, -0.2389913648366928, 0.13501757383346558, -0.2818867564201355, -0.17657524347305298, -0.6620594263076782, 0.17953000962734222, -0.2072213590145111, -0.9627189040184021, -0.4552422761917114, -0.5857243537902832, -0.7003360986709595, -0.24077707529067993, -0.797268271446228, 0.13659240305423737, 0.08884456008672714, -0.5665282607078552, 0.17643499374389648, -0.6950066089630127, -0.6499564051628113, -0.09437131881713867, -0.5712065100669861, -0.31791195273399353, 0.015217811800539494, -0.43430861830711365, 0.06812803447246552, -0.5944864749908447, -0.21183228492736816, 0.23177599906921387, -0.5955857038497925, -0.32823872566223145, 0.4345822036266327, -0.9921272397041321, -0.4905034005641937, -0.2191900610923767, -0.985081672668457, 0.298195481300354, 0.12966257333755493, -0.31440964341163635, -0.5934771299362183, -0.02092127874493599, 0.033019617199897766, 0.08982622623443604, -0.558205783367157, -0.08271363377571106]","[1, 0, 0, 1, 0, 0, 0, 1, 1, 0, 1, 0, 0, 1, 0, 1, 1, 1, 1]"
20,data_237b765b,"[0.05531343072652817, 0.0017787535907700658, 0.06833048164844513, 0.188655287027359, -0.6325563192367554, -0.1444597840309143, -0.17391671240329742, 0.4111599922180176, 0.13205687701702118, -0.030438823625445366, -0.37379100918769836, -0.24486181139945984, 0.09624878317117691, 0.18311825394630432, 0.3430625796318054, 0.1824849545955658, -0.01780896633863449, -0.20591937005519867, -0.23455414175987244, -0.46921616792678833, -0.107528455555439, -0.4524074196815491, 0.49593597650527954, 0.43184638023376465, -0.09507140517234802, -0.15555934607982635, 0.17402896285057068, 0.19112548232078552, 0.40286001563072205, -0.3464236855506897, 0.17357484996318817, -0.005226329434663057, 0.36532652378082275, -0.44873011112213135, 0.27614957094192505, 0.27101045846939087, -0.0444621667265892, 0.15417689085006714, -0.25966212153434753, -0.21224576234817505, -0.466654896736145, 0.117400623857975, 0.45938384532928467, 0.08884510397911072, -0.1997874230146408, 0.057488858699798584, -0.43359726667404175, 0.1817501187324524, -0.5416388511657715, -0.576745867729187, -0.059894975274801254, 0.11544007062911987, 0.19378843903541565, 0.2870669960975647, 0.02659452147781849, 0.10956333577632904, 0.007082273717969656, 0.3532620072364807, 0.0725601315498352, 0.4412490725517273, -0.6443684101104736, -0.3083041310310364, -0.44504639506340027, -0.4699450135231018, -0.0321880467236042, -0.5007184743881226, 0.31184977293014526, -0.3300097584724426, -0.3629697859287262, -0.764214277267456, 0.4058431386947632, 0.19413432478904724, 0.07638929784297943, -0.024119947105646133, 0.08568767458200455, -0.02980206161737442, 0.22266554832458496, -0.26211094856262207, 0.3229239881038666, 0.20570550858974457, -0.4193049669265747, -0.29046428203582764, 0.1891174614429474, 0.1362488865852356, 0.2527938485145569, 0.3933011591434479, -0.6062981486320496, 0.2850074768066406, 0.1136501282453537, -0.0031044073402881622, 0.04552313685417175, 0.23811154067516327, 0.628790020942688, -0.019520264118909836, -0.0530981570482254, 0.4687924385070801, 0.23963400721549988, 0.2900460958480835, 0.23682093620300293, -0.24169638752937317]","[1, 0, 1, 0, 0, 1, 0, 0, 0, 1, 0, 0, 0, 0, 0, 0, 0, 0, 0]"
21,data_c3cf64ac,"[-0.38579559326171875, 0.009437717497348785, -0.2935905158519745, -0.07951387017965317, -0.5892418622970581, -0.3049589991569519, 0.10255274176597595, 0.44770437479019165, 0.13940776884555817, 0.09584564715623856, 0.5069853067398071, -0.11119863390922546, 0.16558250784873962, 0.1703817993402481, -0.08665041625499725, 0.19979912042617798, -0.3752608299255371, -0.024592198431491852, 0.28762662410736084, -0.34439000487327576, 0.16292311251163483, 0.8097381591796875, -0.16866976022720337, -0.3695095181465149, 0.09312961995601654, 0.45991677045822144, 0.01583106443285942, -0.0073975431732833385, -0.675997257232666, 0.1899879276752472, 0.42368435859680176, 0.09471973776817322, 0.048078469932079315, -0.11910609900951385, 0.06018790230154991, -0.5854557752609253, 0.18658381700515747, 0.4042710065841675, 0.22133314609527588, -0.2053728699684143, -0.066792331635952, 0.4116320013999939, 0.18355387449264526, -0.18839965760707855, 0.00451203528791666, 0.13312506675720215, 0.37447717785835266, -0.17839130759239197, 0.370606005191803, 0.08830749988555908, -0.08139558881521225, 0.027641503140330315, -0.423296183347702, 0.16918110847473145, 0.11382798105478287, 0.21948514878749847, 0.16887760162353516, 0.3808658719062805, -0.10904333740472794, 0.18173055350780487, -0.08312617242336273, 0.3305516839027405, -0.3996431827545166, -0.3066726624965668, 0.005691935308277607, -0.6656405925750732, 0.08680284768342972, -0.09490401297807693, 0.35102736949920654, -0.45220309495925903, 0.0666353851556778, 0.1677541434764862, -0.2111244797706604, -0.4810231924057007, -0.06915508210659027, 0.20100930333137512, 0.36168307065963745, 0.13460798561573029, -0.2713029384613037, 0.08433860540390015, 0.16403858363628387, 0.0011346464743837714, -0.07346925884485245, 0.19815611839294434, -0.14737656712532043, -0.13643282651901245, 0.031881146132946014, -0.10872313380241394, 0.30084288120269775, 0.08308781683444977, -0.06963789463043213, 0.013687076047062874, 0.164199098944664, -0.680701494216919, 0.19678109884262085, 0.27608156204223633, -0.010116919875144958, 0.033699922263622284, 0.13593077659606934, -0.6648368239402771]","[0, 0, 0, 0, 0, 1, 0, 0, 0]"
22,data_8ab906b9,"[0.9019887447357178, 0.9318262338638306, 0.977430522441864, 0.8683574199676514, 0.7532479763031006, 0.8170160055160522, 1.229369878768921, 0.8094007968902588, 0.6446880102157593, 1.641121506690979, 0.8238452076911926, 1.1011650562286377, 0.8881192207336426, 0.6848982572555542, 0.873772919178009, 1.359499216079712, 1.7936289310455322, 0.8497491478919983, 0.659354031085968, 1.6583731174468994, 0.8707125186920166, 0.7660057544708252, 0.5075089931488037, 0.6078632473945618, 0.8772938251495361, 1.3282196521759033, 1.040688395500183, 0.9405279755592346, 0.654422402381897, 0.9602723121643066, 0.7189819812774658, 0.695533275604248, 0.7016963958740234, 0.710249662399292, 0.5804014205932617, 0.7309345006942749, 0.8993933200836182, 0.7966644167900085, 1.065443992614746, 0.7897109985351562, 1.2408949136734009, 0.9523239135742188, 1.5267215967178345, 0.9277012944221497, 0.5013158917427063, 0.505301833152771, 1.3589988946914673, 0.6491440534591675, 0.7059581279754639, 0.8809827566146851, 1.256828784942627, 0.7470589876174927, 0.79124915599823, 1.0008985996246338, 0.8044266700744629, 0.6821033954620361, 1.5408806800842285, 0.7707622051239014, 0.8164483904838562, 0.6157569885253906, 1.0281403064727783, 0.9953428506851196, 0.7770155668258667, 0.9897828102111816, 0.9839649200439453, 0.8708353042602539, 0.9401810169219971, 0.6635150909423828, 0.8652055263519287, 0.5547987222671509, 0.9631048440933228, 0.933738112449646, 0.6377646923065186, 0.9320399761199951, 1.057773232460022, 1.228875756263733, 0.6554872989654541, 0.6157045364379883, 0.6110618114471436, 0.7740733027458191, 1.145756721496582, 0.9632887244224548, 0.9020162224769592, 0.4451936185359955, 0.4487006664276123, 0.5773643255233765, 1.0404086112976074, 0.7372398376464844, 0.926137387752533, 0.5731207132339478, 1.5176920890808105, 0.7492765188217163, 0.6407212615013123, 1.2750319242477417, 0.780976414680481, 0.5984454154968262, 0.5599697828292847, 0.7546374797821045, 0.9999473094940186, 0.6220889091491699]","[1, 0, 0, 0, 0, 0, 0, 1, 0, 0, 0, 0, 0, 0, 0, 0, 1, 0, 0]"
23,data_3d6b1725,"[0.2648580074310303, 0.02037053555250168, -0.1091059148311615, -0.22727756202220917, 0.4247554838657379, -0.6449766159057617, 0.40963900089263916, 0.19157984852790833, -0.11160057783126831, -0.06710085272789001, 0.1734435260295868, 0.18284571170806885, -0.24781379103660583, -0.4008368253707886, -0.2831991910934448, 0.052175991237163544, -0.1703501045703888, -0.13086292147636414, -0.27583590149879456, 0.01582362875342369, 0.10535897314548492, 0.029562145471572876, -0.0826660543680191, -0.08709917217493057, 0.5033341646194458, 0.16433803737163544, 0.11049669235944748, 0.3495379090309143, -0.16025158762931824, -0.1355845034122467, -0.15790113806724548, 0.13594941794872284, -0.19089022278785706, 0.05311866104602814, -0.420846164226532, 0.27628666162490845, 0.24098753929138184, -0.08478857576847076, 0.043990422040224075, 0.19276732206344604, 0.22469888627529144, 0.040178436785936356, -0.20828959345817566, -0.6950532793998718, -0.06613235175609589, -0.2624526619911194, 0.029092863202095032, -0.18801726400852203, 0.2562209963798523, 0.1116778627038002, -0.08330123871564865, 0.1969364881515503, -0.2639455497264862, -0.21645121276378632, -0.19026485085487366, 0.11004885286092758, -0.11169657111167908, -0.18314334750175476, 0.008218996226787567, -0.05856591463088989, 0.17445525527000427, -0.574370265007019, -0.6671544313430786, 0.0023267921060323715, -0.12717050313949585, 0.09915158152580261, -0.20701375603675842, -0.07816614210605621, -0.26186323165893555, -0.17050832509994507, 0.13469001650810242, -0.014570518396794796, -0.49125543236732483, -0.18658529222011566, -0.2257966250181198, -0.0748458206653595, -0.007038106210529804, -0.11931705474853516, 0.1545047014951706, -0.12072214484214783, -0.40573620796203613, 0.373951256275177, -0.1533532738685608, -0.07258564233779907, -0.2475503832101822, -0.0551946759223938, -0.32245007157325745, -0.12438427656888962, 0.004028240218758583, -0.29048269987106323, -0.011290239170193672, 0.22901302576065063, -0.13491666316986084, 0.30555838346481323, -0.11462555825710297, -0.41289621591567993, 0.2908869981765747, 0.012638164684176445, 0.18622279167175293, 0.21860119700431824]","[1, 1, 0, 1, 1, 1, 0, 0, 0, 1, 0, 0, 0, 0, 0, 0, 0, 0, 1]"
24,data_90d3451c,"[0.7963092923164368, 0.9713912010192871, 0.8532208204269409, 0.6873879432678223, 1.079016923904419, 0.8319194912910461, 0.9175912141799927, 1.0181500911712646, 1.000706434249878, 1.3973639011383057, 0.6732712388038635, 0.6290497779846191, 1.0572388172149658, 1.271423101425171, 0.9843190312385559, 0.8777108192443848, 1.014176845550537, 0.8528311252593994, 0.9737972021102905, 0.7461767792701721, 0.9264993071556091, 0.8105950355529785, 0.899442732334137, 0.7548412084579468, 1.090011477470398, 1.0621514320373535, 1.0322691202163696, 0.7846363186836243, 1.2278324365615845, 1.21675443649292, 0.938247561454773, 0.7089373469352722, 0.9342943429946899, 0.7255743741989136, 0.9552310705184937, 0.7171176671981812, 0.744720995426178, 1.4747695922851562, 0.995274007320404, 1.0161157846450806, 1.1456656455993652, 0.7139542102813721, 0.768427848815918, 1.052809238433838, 1.0122108459472656, 1.131561040878296, 1.0047924518585205, 0.7204049825668335, 0.9960676431655884, 0.9249484539031982, 0.8518431186676025, 0.9791221618652344, 0.8794845342636108, 0.8023910522460938, 0.6408933997154236, 1.272376537322998, 1.3272796869277954, 0.9306213855743408, 0.9482910633087158, 1.150615930557251, 0.7343920469284058, 0.5617908239364624, 1.0019199848175049, 0.7102630138397217, 1.097670555114746, 0.6775920391082764, 0.9072145223617554, 0.6374291777610779, 0.7776613831520081, 1.3273305892944336, 1.2444255352020264, 0.9287821054458618, 0.9115618467330933, 0.98546302318573, 1.0384331941604614, 1.0199223756790161, 1.1683796644210815, 1.1427016258239746, 0.8825879096984863, 1.1929528713226318, 0.6840944290161133, 0.9162509441375732, 0.9345461130142212, 0.8555357456207275, 1.2294163703918457, 0.8278416395187378, 0.808342456817627, 1.1729545593261719, 0.7613586187362671, 1.0948679447174072, 0.7580711841583252, 0.7772462368011475, 0.9991374015808105, 0.8285707831382751, 1.0617916584014893, 1.127272129058838, 0.8659025430679321, 0.6341617703437805, 0.750386118888855, 0.7891875505447388]","[1, 0, 0, 0, 0, 0, 1, 0, 1, 1, 0, 0, 0, 0, 0, 0, 0, 0, 0]"
25,data_0c44724b,"[0.757430911064148, 0.6789229512214661, 0.605775773525238, 0.7753643989562988, 0.5637519955635071, -0.0763249397277832, 0.7226253151893616, 0.8344435691833496, 0.4652478098869324, 0.7354308366775513, 0.3978673219680786, -0.16568686068058014, 0.05318548157811165, 0.6218152046203613, 0.8493350744247437, 0.4921937584877014, 0.557104229927063, 0.4004952609539032, 0.25829750299453735, 0.15481609106063843, 0.6541851758956909, 0.2022380530834198, 0.2347390055656433, 0.670881986618042, 0.8806416988372803, 0.6785659193992615, 0.011081129312515259, 0.37511491775512695, 0.3765602707862854, 0.8358699083328247, 0.19739022850990295, 0.0025123844388872385, 0.7311686873435974, 0.5379642248153687, 0.8223608732223511, 0.8520801067352295, 0.27029141783714294, 0.5505962371826172, 0.434036523103714, -0.18284763395786285, 0.4534927308559418, 0.7181731462478638, 0.8521787524223328, 0.21331505477428436, 0.4409903883934021, 0.9337701797485352, 0.318886935710907, 0.21554303169250488, 0.08614012598991394, 0.9177520275115967, 0.2036387324333191, 0.5093513131141663, 0.23792903125286102, 0.3505234718322754, 0.8772212862968445, 0.8856019973754883, 0.331198126077652, 0.3658030927181244, 0.7935038805007935, 0.07395166903734207, 0.44267094135284424, 0.815963625907898, 0.8223869800567627, -0.30428653955459595, 0.40468379855155945, 0.8200186491012573, 0.4564359784126282, 0.2179236263036728, 0.45631173253059387, 0.48074302077293396, 0.2640870213508606, 0.08081844449043274, 1.0447897911071777, 0.16674594581127167, 0.697047770023346, 0.6772235631942749, -0.05605936050415039, 0.5989577174186707, 0.29343605041503906, -0.059053048491477966, 0.5497024059295654, 0.5623334050178528, 0.6024396419525146, 0.19849379360675812, -0.14011302590370178, 0.7912544012069702, 0.12407803535461426, -0.5621729493141174, 0.8051755428314209, 0.4272521734237671, 0.4672034978866577, 0.5859827995300293, 0.665166437625885, 0.44436657428741455, 0.346346914768219, 0.4051489233970642, 1.1790828704833984, 0.6295252442359924, 0.30647751688957214, 1.1419223546981812]","[1, 1, 0, 0, 1, 0, 0, 0, 1, 0, 0, 0, 0, 0, 0, 0, 1, 0, 0]"
26,data_58daa4a7,"[0.6412627696990967, -1.2928211688995361, -0.04639112204313278, -0.5840288996696472, 0.011525151319801807, -0.696743905544281, -0.49049752950668335, -1.0286400318145752, 1.3691983222961426, 0.1415686309337616, 0.6209450960159302, 0.2716321647167206, 0.3776581585407257, -0.0246705561876297, -0.4743880331516266, 0.18330702185630798, 0.2564951777458191, -0.12903673946857452, -0.8513022065162659, 0.21790602803230286, 1.565089225769043, -0.4969067871570587, -0.3724004030227661, 1.643613338470459, -0.12716490030288696, 0.163499653339386, 1.0690858364105225, -0.7613438367843628, 0.3582713007926941, 0.07623893022537231, -0.5606738328933716, 0.6984921097755432, 0.9339827299118042, 0.8155512809753418, 1.4572432041168213, -0.6532169580459595, -1.1845078468322754, -0.02254551649093628, -0.11806268990039825, -0.5171009302139282, 1.0885826349258423, -0.2217496633529663, -1.2412388324737549, 0.0213223434984684, -1.5286598205566406, -0.5745280385017395, -0.011404192075133324, -0.16314560174942017, 0.05397215485572815, 0.13983848690986633, 1.5717047452926636, 1.7466130256652832, 0.17675521969795227, 0.8821377158164978, 1.0661892890930176, 1.0374457836151123, 1.9087706804275513, -0.17947369813919067, -0.1657210886478424, -0.23625698685646057, 1.429457187652588, -0.4086776077747345, 0.11644284427165985, 0.04877713695168495, 0.6327917575836182, 1.0887752771377563, -0.32908281683921814, 2.0368270874023438, -0.2803787589073181, 0.7171782851219177, 0.3496873676776886, -0.7898924350738525, -1.3759316205978394, -0.40982234477996826, 1.1405179500579834, 0.26551201939582825, -0.7476025223731995, 0.3995587229728699, -0.8262693285942078, 0.9442290663719177, -1.0670589208602905, -0.4286223351955414, -0.8472530841827393, -0.182269886136055, 0.007445286959409714, -0.5433454513549805, -0.7647784948348999, 0.41928374767303467, 0.048029862344264984, 0.3096367418766022, -0.26756614446640015, -0.060178086161613464, -0.2902252674102783, 0.9625188112258911, -0.15972581505775452, -0.015141073614358902, 1.1134148836135864, -1.0479850769042969, 0.6672185659408569, -0.749642014503479]","[1, 0, 1, 0, 0, 0, 0, 0, 0, 1, 0, 0, 0, 1, 0, 1, 0, 0, 0]"
27,data_2f2a2b29,"[0.0814286321401596, -0.17692729830741882, -0.0728708803653717, -0.054823823273181915, -0.20681875944137573, 0.11143683642148972, -0.1085047572851181, -0.21305719017982483, -0.22503569722175598, -0.16115593910217285, 0.3357069790363312, -0.1139543205499649, -0.17226561903953552, -0.14566129446029663, 0.15913763642311096, -0.07550086081027985, 0.36371126770973206, -0.17423078417778015, 0.13774003088474274, 0.5395063161849976, -0.27388596534729004, -0.1855323612689972, -0.4606668949127197, -0.33637911081314087, -0.14017325639724731, 0.0517273023724556, 0.36857694387435913, -0.16616281867027283, -0.17024219036102295, 0.2861213684082031, 0.06584347784519196, 0.29447707533836365, 0.007788494229316711, -0.13244447112083435, -0.002375005278736353, -0.164739727973938, -0.31907474994659424, -0.10598508268594742, -0.1258404552936554, -0.10951949656009674, 0.035252172499895096, 0.10973198711872101, 0.17946244776248932, 0.07340404391288757, -0.2954942584037781, 0.5196153521537781, -0.06293986737728119, 0.02345741167664528, 0.05874481797218323, 0.09352800995111465, 0.007848483510315418, 0.16507525742053986, 0.10998651385307312, 0.16699746251106262, -0.14746250212192535, -0.14892145991325378, -0.0673026591539383, 0.03956304490566254, -0.2890794277191162, -0.22689005732536316, 0.2330721616744995, -0.10125772655010223, 0.41149088740348816, 0.003517626319080591, -0.14532259106636047, -0.2610272467136383, -0.35801661014556885, 0.010280446149408817, 0.07984059303998947, -0.10307039320468903, -0.20803532004356384, 0.25140735507011414, 0.49693769216537476, 0.02877742424607277, 0.12981189787387848, -0.09470167011022568, -0.08240385353565216, -0.07951615005731583, -0.24796488881111145, 0.28790247440338135, 0.27082955837249756, -0.17198173701763153, -0.10075458884239197, -0.08932633697986603, 0.009738837368786335, 0.1912010908126831, 0.11336222290992737, -0.10134489089250565, -0.1633332371711731, -0.051608677953481674, -0.09777314960956573, -0.10190027952194214, -0.06595166772603989, 0.01709473505616188, -0.09508012980222702, -0.21296903491020203, -0.08547946065664291, 0.028270073235034943, -0.2926379442214966, -0.09461019933223724]","[1, 0, 0, 0, 1, 0, 0, 0, 0]"
28,data_0b0dd85a,"[0.033800914883613586, 0.10485439002513885, -0.055965572595596313, -0.48157548904418945, 0.22803062200546265, 0.026096763089299202, -0.12116032093763351, 0.21056129038333893, -0.01509189885109663, -0.2313471883535385, 0.15636253356933594, -0.3769744038581848, 0.10605913400650024, -0.19149264693260193, -0.38991114497184753, -0.43388500809669495, 0.0732003003358841, -0.21102508902549744, -0.20113426446914673, -0.29492470622062683, 0.07011182606220245, 0.4667925536632538, 0.16432103514671326, 0.22854731976985931, -0.2623502016067505, -0.10055650770664215, 0.3374251425266266, 0.20689243078231812, -0.37580373883247375, 0.49030452966690063, 0.24983875453472137, 0.48070085048675537, -0.05789490044116974, -0.035193972289562225, 0.05952131003141403, -0.2542796730995178, 0.05490165576338768, -0.3734571933746338, 0.08008427917957306, -0.14558649063110352, 0.13931864500045776, -0.2895234227180481, 0.3301159739494324, 0.1431918442249298, -0.019714508205652237, -0.33788830041885376, 0.10839785635471344, 0.015954790636897087, 0.15382549166679382, -0.047914158552885056, 0.11289337277412415, 0.15208688378334045, 0.0030299085192382336, -0.21612349152565002, -0.0746757835149765, 0.09216606616973877, 0.005243864841759205, 0.0474267303943634, -0.24665236473083496, -0.37482771277427673, -0.2663988471031189, 0.22725540399551392, 0.10686280578374863, 0.1396653950214386, -0.26131170988082886, 0.07893182337284088, 0.030017271637916565, 0.4511464238166809, -0.23265063762664795, -0.2472018003463745, 0.04933924227952957, 0.25023162364959717, 0.07213485240936279, 0.38541078567504883, 0.23741291463375092, 0.3254123330116272, 0.1787644326686859, -0.13356885313987732, 0.14816227555274963, 0.18196223676204681, -0.26323065161705017, -0.14134100079536438, 0.04140281304717064, 0.2488672435283661, -0.07771873474121094, -0.04942901432514191, 0.09651671350002289, 0.18844327330589294, -0.18309324979782104, -0.2511884570121765, 0.06262129545211792, 0.27422261238098145, -0.0667913481593132, 0.18989530205726624, 0.01993377134203911, 0.19418063759803772, 0.12242960929870605, -0.03863724321126938, 0.13419556617736816, -0.0631471574306488]","[0, 0, 1, 0, 0, 0, 0, 1, 0]"
29,data_6906c68c,"[-0.11600302904844284, -1.1134185791015625, 0.003559274133294821, -1.548159122467041, -0.30232468247413635, 0.05843363702297211, -0.38507023453712463, -0.5405970811843872, -0.5174075365066528, 0.14195650815963745, 0.2869245111942291, 0.5221157670021057, -0.21393579244613647, -0.3996615409851074, -0.965791642665863, 0.3052522540092468, 0.08172805607318878, 0.3715496361255646, 0.5815926790237427, 0.06316568702459335, -0.6048640012741089, -0.3850442171096802, 0.7791726589202881, -0.006611766759306192, 0.22108393907546997, 0.27093133330345154, 0.3914007544517517, 0.6985765695571899, 0.6976568102836609, 0.29411983489990234, -0.5811479091644287, -0.9963180422782898, -1.146151065826416, 0.20628929138183594, -0.8983861804008484, 0.7347021102905273, 0.6501270532608032, -0.9273824691772461, 0.6079154014587402, 0.10183931142091751, 0.7050225138664246, -0.6123624444007874, 0.751603901386261, -0.48354119062423706, -0.10021699965000153, 0.03390703722834587, 0.0801873654127121, 0.4260837435722351, -0.5652320384979248, 0.9397324919700623, 0.15426434576511383, -0.5198967456817627, -0.12695880234241486, -0.2386440634727478, -1.2107268571853638, 0.4459158778190613, -0.6864627003669739, 0.20744401216506958, -0.41692325472831726, -1.2275043725967407, 0.2783950865268707, 0.07957874983549118, 0.17686457931995392, 0.04661928117275238, -0.8932665586471558, -0.11221472918987274, -0.31952738761901855, -0.7989526987075806, 0.3599293828010559, 0.14956964552402496, -0.7139301300048828, 0.19501373171806335, 0.012347723357379436, 0.3559408187866211, -0.31820422410964966, 0.024100130423903465, 0.36312830448150635, 0.22923800349235535, -0.22761696577072144, 0.44633907079696655, 0.13304416835308075, 0.736868143081665, 0.16529692709445953, -0.8659218549728394, -0.9695751667022705, 0.7624347805976868, -0.08856452256441116, -0.11295876652002335, 0.032576173543930054, -0.43901699781417847, 0.4788351058959961, -0.7854435443878174, 0.05364315211772919, 0.08591648936271667, 1.2940373420715332, 0.4624160826206207, 0.2975505292415619, -0.5282883644104004, 0.6667482256889343, 0.21216407418251038]","[0, 0, 1, 1, 0, 0, 1, 1, 0]"
30,data_af1a292c,"[0.9939090013504028, 1.1401358842849731, 0.5090759992599487, 0.9659406542778015, 0.8554478287696838, 0.7984514236450195, 0.6230956315994263, 0.7332428693771362, 0.9026937484741211, 1.0696349143981934, 0.7890782356262207, 0.7139050960540771, 1.3805320262908936, 0.8265050053596497, 0.9080137014389038, 1.0335469245910645, 0.7520039677619934, 1.4017560482025146, 0.7401314377784729, 0.7073899507522583, 1.0310683250427246, 0.6536892056465149, 0.8256516456604004, 1.6780390739440918, 0.6981672644615173, 0.7106861472129822, 0.7711886763572693, 0.9662013649940491, 0.8524558544158936, 0.7802865505218506, 1.1947853565216064, 0.736830472946167, 0.8269528150558472, 0.830869197845459, 0.5066760182380676, 0.8463178873062134, 0.6161196231842041, 0.6708965301513672, 0.7420852184295654, 0.9210075736045837, 0.3558353781700134, 1.2112082242965698, 0.7496659755706787, 1.1748442649841309, 0.7931939363479614, 1.1891919374465942, 0.7213753461837769, 0.7641311287879944, 0.8865646123886108, 0.815986156463623, 1.495863676071167, 0.4833510220050812, 1.2217254638671875, 0.865180253982544, 0.7754348516464233, 0.8255622386932373, 1.0855393409729004, 0.7534682750701904, 0.948900580406189, 0.8026729822158813, 0.7662465572357178, 0.9488661289215088, 0.8236391544342041, 0.8425687551498413, 1.01632559299469, 0.7730429172515869, 0.9979760646820068, 0.6615090370178223, 0.7735461592674255, 0.7776474952697754, 1.209798812866211, 1.033383846282959, 0.9562315344810486, 1.0694494247436523, 0.6642835140228271, 0.719403862953186, 1.6300106048583984, 0.5716180801391602, 1.0343081951141357, 0.732417106628418, 0.7624699473381042, 0.9893501400947571, 0.9035294651985168, 0.6511261463165283, 0.7114809155464172, 1.024071455001831, 0.8821221590042114, 1.0029900074005127, 0.7876935601234436, 1.0119037628173828, 1.4265235662460327, 0.836529016494751, 0.7718538045883179, 0.7194070816040039, 1.383641242980957, 1.1810880899429321, 0.757089376449585, 0.8665430545806885, 1.0737831592559814, 1.0460476875305176]","[1, 1, 1, 0, 0, 0, 1, 1, 1]"
31,data_0a124e2e,"[0.14403817057609558, -0.3234650492668152, 0.14712285995483398, 0.10460265725851059, -0.444691002368927, -0.16504359245300293, -0.14523081481456757, -0.4089924991130829, 0.6159693598747253, -0.05963302403688431, -0.554560661315918, 0.1734890341758728, 0.08927647024393082, 0.2844480574131012, 0.014493896625936031, 0.5727980732917786, -0.13133694231510162, 0.17553728818893433, -0.005366326775401831, -0.6119855642318726, 0.28700730204582214, -0.3423822522163391, -0.1448550969362259, -0.19870410859584808, -0.7649498581886292, -0.04637690633535385, 0.3899591863155365, 0.15698444843292236, -0.356117844581604, 0.5341970920562744, 0.17702321708202362, -0.4582192599773407, 0.19221365451812744, 0.3036039471626282, -0.7796090841293335, -0.4079616367816925, 0.006801610812544823, -0.7313804626464844, 0.08517548441886902, -0.2080698162317276, -0.9673665761947632, 0.028133543208241463, -0.043621230870485306, -0.29682302474975586, -0.027679895982146263, 0.2388230860233307, -0.4334146976470947, -0.1772187054157257, 0.4456638693809509, 0.1981489509344101, 0.22769588232040405, -0.5362675189971924, -0.33044958114624023, 0.32091274857521057, 0.16497696936130524, 0.06080744415521622, 0.055480897426605225, 0.2651687562465668, -0.5533490777015686, 0.08694823086261749, 0.18100497126579285, 0.24258986115455627, -0.3280830979347229, 0.5361040830612183, -0.016062114387750626, -0.051183070987463, -0.1368182748556137, -0.3314554691314697, -0.3394710421562195, 0.03250386193394661, 0.49476000666618347, -0.4717048406600952, -0.5338970422744751, -0.4206627309322357, 0.01771741360425949, 0.30398422479629517, -0.24765491485595703, -0.4545895457267761, 0.4378138482570648, 0.25954535603523254, 0.43970996141433716, 0.18670639395713806, -0.5124737620353699, 0.1409733146429062, 0.19259904325008392, 0.16267700493335724, -0.17539018392562866, -0.1995006501674652, -0.7288075685501099, 0.13564299046993256, -0.19698959589004517, 0.2507143020629883, 0.3705782890319824, -0.07664558291435242, -0.1066785454750061, 0.6736772060394287, -0.20357587933540344, 0.589004397392273, -0.048989929258823395, -0.10355045646429062]","[0, 0, 0, 0, 0, 0, 0, 0, 0, 0, 1, 0, 0, 0, 0, 0, 0, 0, 0]"
32,data_1215988b,"[0.0889759361743927, -0.13722801208496094, 0.22447770833969116, -0.05339447408914566, -0.15524683892726898, 0.13311126828193665, -0.0005355157190933824, 0.1883029192686081, 0.21952730417251587, 0.054421670734882355, -0.06598639488220215, 0.08730439096689224, -0.2367859184741974, -0.03552193194627762, -0.14199358224868774, -0.18466702103614807, 0.1835157871246338, 0.4525091052055359, 0.32793059945106506, -0.11826347559690475, 0.05132986977696419, 0.03181374818086624, 0.2285018265247345, 0.17910617589950562, 0.06818653643131256, -0.053395647555589676, 0.08077125251293182, 0.3806692361831665, 0.28152036666870117, -0.043619103729724884, 0.2311362326145172, -0.04556581750512123, -0.11761906743049622, -0.0724697858095169, 0.10668246448040009, 0.4342445135116577, 0.012818402610719204, -0.05463853478431702, -0.2236320674419403, 0.09638764709234238, 0.027603140100836754, 0.1253749430179596, -0.11231890320777893, 0.27964115142822266, -0.0873280018568039, 0.02185368537902832, 0.02949211746454239, -0.07359100133180618, -0.03989651799201965, -0.10226811468601227, 0.04496516287326813, 0.15663273632526398, -0.012217202223837376, 0.14564575254917145, 0.09584417194128036, -0.1490686535835266, -0.16424190998077393, 0.03624742478132248, -0.05911783501505852, 0.21324901282787323, -0.1922723799943924, 0.2654153108596802, 0.0013703106669709086, -0.08556583523750305, 0.12871113419532776, 0.0926695466041565, 0.0394272543489933, 0.15342703461647034, -0.008592073805630207, 0.290547251701355, 0.008149107918143272, -0.16602987051010132, 0.4244868755340576, -0.15685759484767914, 0.09005045890808105, 0.0468151718378067, 0.1290583312511444, 0.03996070846915245, -0.11355248093605042, -0.0719154104590416, 0.009765992872416973, 0.23900631070137024, 0.2328263521194458, 0.0922863781452179, 0.2560296058654785, -0.1218610480427742, 0.04376446455717087, 0.07314459979534149, 0.35166847705841064, 0.0009113121777772903, -0.039847686886787415, 0.07705973088741302, 0.38881534337997437, 0.15007123351097107, 0.15992191433906555, 0.1482546627521515, 0.2025568187236786, 0.06977672874927521, 0.002734734211117029, 0.03091183863580227]","[1, 0, 0, 0, 0, 0, 0, 0, 0, 0, 0, 0, 0, 0, 0, 0, 0, 0, 0]"
33,data_06a36790,"[0.062004171311855316, 0.316539466381073, -0.2753716707229614, -1.2852253913879395, 0.5865486860275269, -0.20114532113075256, -0.22325056791305542, 0.7063523530960083, -0.24988338351249695, -0.44262194633483887, 0.5719246864318848, -1.1176893711090088, 0.30925822257995605, -0.4506389796733856, -1.021407127380371, -0.9791452884674072, 0.18850421905517578, -0.4252222776412964, -0.6073906421661377, -0.5354775190353394, 0.23812633752822876, 0.6569610834121704, 0.4469161033630371, 0.6226801872253418, -0.6815839409828186, -0.6192682981491089, 0.6588984131813049, 0.549454927444458, -0.8509856462478638, 0.6081303358078003, 0.3023635149002075, 0.9963075518608093, -0.06887994706630707, 0.11320371925830841, 0.26783472299575806, -0.45282378792762756, 0.23751601576805115, -1.036090612411499, -0.03836856037378311, -0.3973805010318756, 0.4716441035270691, -0.6393847465515137, 0.8828630447387695, 0.5212798118591309, 0.018479304388165474, -0.872825026512146, 0.3332692086696625, -0.09744033962488174, 0.23765474557876587, -0.16241885721683502, 0.36803770065307617, 0.3859160542488098, -0.005828103516250849, -0.5334295630455017, -0.1157006099820137, 0.17027567327022552, 0.0944240540266037, 0.12845143675804138, -0.5640847086906433, -0.849602222442627, -0.6563370823860168, 0.2614715099334717, 0.25259655714035034, 0.19794830679893494, -0.4923900365829468, 0.013646848499774933, 0.1934712827205658, 0.5010303258895874, -0.398124635219574, -0.8089125156402588, -0.0022545887622982264, 0.7190111875534058, 0.30743828415870667, 0.9018792510032654, 0.5650823712348938, 0.8473688960075378, 0.21781028807163239, -0.5870572328567505, 0.5339676141738892, 0.4694857597351074, -0.6489644050598145, -0.3007930517196655, -0.12358172237873077, 0.528120219707489, -0.10639382898807526, 0.024121521040797234, 0.04289311170578003, 0.13676267862319946, -0.3947485387325287, -0.40954309701919556, -0.15911628305912018, 0.4217294454574585, -0.0452459380030632, 0.44691330194473267, 0.19255155324935913, 0.5474116206169128, 0.30978813767433167, -0.3308969736099243, 0.3158884644508362, -0.12075595557689667]","[0, 0, 1, 0, 0, 1, 0, 1, 0]"
34,data_a0bb4e9b,"[-1.439635992050171, -0.6808708906173706, -0.8429672718048096, 0.19842658936977386, -0.16272251307964325, -0.668276309967041, -0.04784560948610306, -0.4937078058719635, -0.7423675060272217, -0.14601095020771027, -0.6566129922866821, -1.3268921375274658, 0.4792126417160034, -0.7633166313171387, 0.5297574996948242, 0.14281298220157623, 0.7584573030471802, -1.2059540748596191, -0.06262068450450897, 0.6541061401367188, -0.09803301095962524, 0.3344097137451172, 1.2715567350387573, 0.20467911660671234, 0.5900243520736694, -1.270572543144226, 0.5541060566902161, -0.43228816986083984, -0.05411460995674133, 0.44525086879730225, -0.7469610571861267, -0.4637390971183777, -0.016921602189540863, -1.2974556684494019, -0.2156343013048172, 0.9710885286331177, -0.2803577780723572, -0.5331466197967529, -0.5366451740264893, -0.2113153040409088, -0.4968721270561218, -0.4117286205291748, -0.3116295635700226, 0.2572042942047119, 0.6478673219680786, 0.24169152975082397, -1.870439052581787, 0.181231290102005, 0.32768815755844116, 0.867845892906189, -1.161163568496704, 1.1679627895355225, -1.2108759880065918, -1.8194360733032227, 0.2906188368797302, -0.823300302028656, -0.2483680248260498, 0.6109013557434082, -0.4557144045829773, -0.4628521800041199, 1.4716529846191406, -1.0868699550628662, -0.5117443203926086, -0.10444032400846481, -0.3107058107852936, 0.6780686378479004, -0.886947751045227, 0.3001794219017029, -0.6455007195472717, -0.6401945352554321, 0.3789621591567993, 1.7728040218353271, 0.6699222922325134, -0.18159300088882446, -0.19511884450912476, 0.4585464596748352, 1.7676525115966797, -0.31806617975234985, 0.2662680149078369, 0.8330291509628296, -1.1085493564605713, 0.6364145874977112, -0.3610665798187256, -0.7640225887298584, 0.847384512424469, -1.6059260368347168, -0.5962546467781067, 0.01385607197880745, 1.0398192405700684, 1.077749490737915, -0.39596372842788696, -0.8453370332717896, -1.611156940460205, 2.0568065643310547, 0.29129087924957275, -0.03072197549045086, 0.4211413860321045, -0.16202205419540405, -1.237463355064392, 0.7700725197792053]","[0, 0, 0, 0, 1, 1, 1, 1, 1, 0, 0, 1, 0, 1, 0, 0, 1, 1, 1]"
35,data_629fb309,"[-0.4100513160228729, -0.19721215963363647, -0.5430241823196411, 0.10933426022529602, -0.13353900611400604, -0.4371063709259033, -0.5208187103271484, -0.5096443295478821, -0.25406187772750854, -0.03234580159187317, -0.650799572467804, 0.05564375966787338, -0.3929074704647064, -0.7957044839859009, -0.13758984208106995, -0.7803995609283447, -0.12988197803497314, -0.41591960191726685, -0.49074968695640564, -0.3884105086326599, -0.48223623633384705, -0.44129982590675354, -0.4391280710697174, -0.009148110635578632, -0.44808346033096313, -0.6231667995452881, -0.6593891382217407, -0.9123358726501465, -0.051944300532341, 0.07112260162830353, -0.31605231761932373, -0.2705978751182556, -0.2663727402687073, -0.6312548518180847, -0.15892300009727478, -0.35212308168411255, -0.34746676683425903, -0.12428345531225204, -0.1576772779226303, -0.10162051022052765, -0.18490971624851227, 0.4555392265319824, -0.5655145049095154, -0.150641530752182, -0.10305602848529816, -0.23284663259983063, -0.7526058554649353, -0.2464875876903534, -0.5945595502853394, -0.3013615906238556, -0.06282070279121399, -0.04684460908174515, -0.29343774914741516, -0.011330341920256615, -0.38373419642448425, 0.152852863073349, -0.6342042088508606, -0.8439303636550903, -0.19022971391677856, -0.613593339920044, -0.13259488344192505, -0.12565487623214722, -0.40036433935165405, 0.17246878147125244, 0.21222567558288574, -0.38039422035217285, -0.3709331154823303, -0.4447627663612366, 0.10364196449518204, -0.6810629963874817, 0.22777894139289856, -0.2779613137245178, -0.05787385255098343, -0.3311294615268707, -0.5208277702331543, -0.30335792899131775, -0.23284611105918884, -0.1545281559228897, -0.12838199734687805, -0.26279640197753906, 0.17088747024536133, -0.10453417897224426, -0.4598567485809326, -0.16098691523075104, 0.039243392646312714, -0.2651311755180359, -0.49506819248199463, -0.20962122082710266, -0.8032869696617126, -0.396129846572876, -0.07479307055473328, -0.029514387249946594, -0.3595351576805115, -0.4033052921295166, 0.17868633568286896, -0.5622717142105103, -0.7599818706512451, -0.918289065361023, -0.32373037934303284, -0.6072478294372559]","[0, 0, 1, 0, 0, 0, 0, 1, 0]"
36,data_a348ec23,"[-0.07437819987535477, -0.03597345948219299, 0.2742793560028076, 0.2068605124950409, -0.0402563102543354, -0.07341893762350082, 0.0534244105219841, 0.318176805973053, 0.08886688947677612, -0.19155912101268768, 0.20907458662986755, 0.4148351550102234, 0.29462501406669617, 0.06005150079727173, 0.2739645540714264, 0.06498396396636963, -0.1660194993019104, -0.2203124463558197, -0.004775668028742075, 0.3280853033065796, 0.16056087613105774, 0.5372343063354492, -0.07609616219997406, 0.14130228757858276, 0.029694046825170517, 0.028713015839457512, 0.3452068269252777, 0.42668429017066956, 0.2276330590248108, 0.31063953042030334, 0.004481795243918896, -0.07116089761257172, -0.24882090091705322, 0.22891631722450256, -0.042996495962142944, -0.04922711104154587, 0.12153881788253784, 0.24061846733093262, 0.14970466494560242, -0.026157468557357788, -0.38519060611724854, 0.1261904090642929, -0.03463311865925789, 0.33996355533599854, -0.005243376828730106, 0.3451467752456665, -0.01814434304833412, -0.0820729210972786, 0.14155255258083344, 0.4226093888282776, 0.16037777066230774, -0.0494726188480854, 0.0003657874185591936, 0.39478060603141785, 0.13245752453804016, 0.2103818655014038, 0.3135126233100891, -0.0037994941230863333, -0.021145980805158615, 0.0982588529586792, 0.07117684930562973, 0.10557811707258224, -0.1610194742679596, 0.37007439136505127, 0.0634600818157196, -0.09674800932407379, -0.1573711782693863, 0.03356575593352318, -0.03122675232589245, 0.28296107053756714, 0.20614898204803467, 0.337630033493042, 0.07524535059928894, 0.31568852066993713, -0.0022348046768456697, -0.07144157588481903, 0.19266796112060547, 0.1570485383272171, -0.06910383701324463, 0.17038901150226593, 0.20472395420074463, 0.2829752564430237, 0.19124197959899902, 0.09881513565778732, -0.10478190332651138, 0.05002538859844208, 0.32085779309272766, 0.4772418439388275, 0.2996360659599304, 0.30273568630218506, 0.10911259055137634, -0.0763465166091919, 0.2047610878944397, -0.09889735281467438, 0.20508763194084167, 0.054874666035175323, 0.11271697282791138, 0.10370195657014847, 0.15682122111320496, -0.06787507981061935]","[0, 0, 1, 1, 1, 0, 0, 0, 0, 0, 0, 1, 0, 0, 0, 0, 0, 0, 0]"
37,data_48fe4dcc,"[-0.2451326549053192, -1.3160663843154907, -0.45291435718536377, -1.078946828842163, -0.7553657293319702, -0.2790459394454956, -1.250998616218567, -1.2306485176086426, -1.0804603099822998, -0.47896161675453186, -0.9989281892776489, 0.6895086765289307, -0.6699368953704834, -0.016244472935795784, -0.2827913761138916, -0.20464825630187988, -0.9442801475524902, -0.41930675506591797, -0.1504087746143341, -0.6751083731651306, -0.7926039695739746, -0.5705214738845825, -0.13795465230941772, -0.8649508953094482, -0.9042081832885742, -1.1929466724395752, -0.5063081979751587, -0.6770880222320557, -0.3203354477882385, -1.1599903106689453, -0.20978213846683502, -0.8994413018226624, -0.7364927530288696, -1.0749504566192627, -0.08360430598258972, -0.08762277662754059, -0.39293619990348816, 0.2782832086086273, -1.0688350200653076, -0.6028701066970825, 0.2233155369758606, -0.484068363904953, -0.43760618567466736, -0.17452971637248993, -0.46950966119766235, -0.2837790548801422, -0.9819257855415344, -0.37536734342575073, 0.022306382656097412, -0.7047211527824402, -0.3488732576370239, -0.582905650138855, -0.507153332233429, -0.4696221351623535, -0.6095370650291443, -0.9953750967979431, 0.14030659198760986, -0.5152454376220703, -0.4374881982803345, -0.6529732942581177, 0.5772864818572998, -0.24963974952697754, -0.263286828994751, -0.047329485416412354, -0.08446083962917328, -0.11865361779928207, 0.2881406843662262, -0.14993444085121155, -0.41143369674682617, 0.15425699949264526, 0.033316321671009064, -1.0317518711090088, -0.989219605922699, 0.033503372222185135, -0.19408684968948364, -1.3740074634552002, -0.93454909324646, -0.05548781156539917, -0.46496349573135376, -1.0546870231628418, -0.6940522789955139, -1.2126035690307617, -0.6487343907356262, -0.6473371982574463, -0.17080900073051453, -0.6255123615264893, -1.0693333148956299, 0.2963160276412964, -1.1603895425796509, -0.222047358751297, -0.24891582131385803, -0.7823071479797363, -0.17752259969711304, -1.496246099472046, -0.7142224311828613, -0.6548205018043518, -0.10564762353897095, 0.0770927146077156, -0.43818923830986023, -0.4473996162414551]","[1, 0, 0, 0, 0, 0, 1, 1, 1, 1, 0, 0, 0, 0, 0, 0, 0, 0, 1]"
38,data_f9dc8f14,"[0.024339862167835236, -0.3496859669685364, -0.24778437614440918, -1.0656601190567017, -0.41454213857650757, -0.1445552110671997, -0.4675421714782715, -0.545992910861969, -0.42193859815597534, -0.4453281760215759, -0.20679694414138794, -0.735203742980957, -0.04249183088541031, -0.11699505150318146, -0.2833161950111389, -0.7308517694473267, 0.05617225170135498, -0.17304936051368713, -0.6008859872817993, -0.1547698676586151, -0.6558506488800049, -0.5442066788673401, -0.35901665687561035, -0.07062409073114395, -0.2526564598083496, -0.41421040892601013, -0.47316455841064453, -0.6265727281570435, -0.20193305611610413, -0.40655991435050964, -0.8119417428970337, -0.6073601841926575, -0.14060132205486298, -0.38987743854522705, -0.6756993532180786, -0.3518344759941101, -0.12101711332798004, -0.45647716522216797, -0.501272439956665, -0.35611051321029663, -0.2878928780555725, -0.0829656794667244, -0.6346862316131592, -0.361754447221756, -0.5163750648498535, -0.7013470530509949, -0.6972935795783997, -0.50882887840271, -0.2813030481338501, -0.34485799074172974, -0.6160686016082764, -0.19085925817489624, -0.18799269199371338, -0.29558461904525757, -0.2691056430339813, 0.13153418898582458, -0.7066781520843506, -0.8311848640441895, 0.10196924209594727, -0.5168092846870422, -0.4473153054714203, 0.1014629676938057, 0.09884566068649292, -0.27190351486206055, -0.09231775254011154, -0.2441229224205017, -0.38031378388404846, 0.1617792248725891, -0.22012510895729065, -0.34614843130111694, -0.39061546325683594, -0.08427712321281433, -0.4006389081478119, -0.15211765468120575, -0.1273961067199707, 0.2527891993522644, -0.4954582452774048, -0.30089664459228516, -0.21372371912002563, -0.3951317369937897, -0.1331285536289215, -0.2731945514678955, -0.07434937357902527, -0.4151207208633423, -0.5067463517189026, -0.28080394864082336, -0.4845379889011383, -0.7870666980743408, -0.39850959181785583, -0.13085931539535522, 0.18572720885276794, -0.48392194509506226, -0.4151737093925476, -0.37296104431152344, -0.376731276512146, -0.5384202003479004, -0.14914202690124512, -0.30249524116516113, 0.3095638155937195, 0.563720166683197]","[0, 1, 1, 0, 0, 1, 0, 1, 0]"
39,data_15b61c6d,"[0.3604220747947693, -0.014329714700579643, 0.06570037454366684, 0.24295100569725037, -0.1190875694155693, 0.07791740447282791, -0.18901431560516357, -0.11350681632757187, -0.16631534695625305, 0.14707258343696594, -0.5977789759635925, 0.03581715375185013, -0.20736750960350037, 0.04821619763970375, 0.5527575016021729, -0.31170862913131714, -0.5882327556610107, 0.04508166015148163, -0.06495580822229385, 0.4136306047439575, -0.62494957447052, 0.22012001276016235, 0.28971540927886963, 0.3591265082359314, 0.3254703879356384, -0.21471363306045532, -0.2649533748626709, -0.48566871881484985, 0.40993601083755493, -0.6914563179016113, -0.5069956183433533, 0.18280059099197388, -0.14739374816417694, 0.3040589392185211, 0.325544148683548, 0.11810536682605743, 0.2951022982597351, 0.3441857695579529, 0.3636752963066101, -0.41814765334129333, 0.056661441922187805, -0.3117602467536926, 0.2716512680053711, 0.015363168902695179, -0.3767027258872986, -0.05481059104204178, -0.2090800404548645, 0.3358588218688965, 0.026081807911396027, -0.013430016115307808, 0.08128584921360016, -0.2933042347431183, -0.04165254533290863, 0.1755634844303131, -0.18042388558387756, -0.29027122259140015, -0.5450941324234009, -0.1380642056465149, 0.549897313117981, 0.3024810254573822, -0.25652292370796204, -0.46327608823776245, 0.39171677827835083, -0.3101913332939148, 0.10100911557674408, -0.5439729690551758, 0.3032749891281128, -0.5480974912643433, -0.2723119258880615, -0.2813264727592468, 0.001079621259123087, -0.22705774009227753, 0.08671876788139343, -0.0785326212644577, 0.12943845987319946, -0.19446241855621338, 0.3752621114253998, -0.050734832882881165, 0.22389355301856995, -0.477612167596817, 0.4763103723526001, 0.3249252140522003, -0.2952291965484619, 0.08584842085838318, 0.16968189179897308, -0.46923866868019104, 0.10323493927717209, -0.2597074508666992, -0.2536992132663727, 0.6164411306381226, -0.2163984626531601, -0.4392731785774231, -0.022309450432658195, -0.5577800273895264, -0.04598807916045189, -0.42582669854164124, -0.3915979266166687, -0.5067840218544006, 0.35720184445381165, 0.5624210834503174]","[0, 1, 1, 0, 1, 0, 0, 0, 1, 0, 0, 0, 0, 0, 0, 0, 0, 0, 0]"
40,data_35d9326b,"[-0.819718599319458, 0.5827358365058899, -0.23722712695598602, 0.14567935466766357, -0.37424346804618835, 0.15262363851070404, 0.8076730966567993, 0.4832676947116852, -0.14469404518604279, -0.30079638957977295, -0.5321489572525024, 0.5981879234313965, 0.46557605266571045, 0.023298751562833786, -0.21719598770141602, -0.6060217618942261, 0.3449479341506958, 0.9507126212120056, 0.0477730818092823, 0.08292768895626068, 0.31308960914611816, 0.7877901792526245, -0.2754135727882385, 0.38058239221572876, 0.26453664898872375, -0.3931502401828766, -0.4997779130935669, -0.6885416507720947, 0.10103333741426468, 0.30400699377059937, -0.14469575881958008, -0.21773594617843628, -0.22050662338733673, 0.10084748268127441, -0.023452812805771828, -0.8146524429321289, -0.03845050930976868, -0.009541122242808342, 0.1765575110912323, -0.14095038175582886, 0.6590550541877747, -0.21703781187534332, -0.4659046232700348, 0.3836466073989868, -0.763399600982666, -0.13119791448116302, -0.5004363059997559, -0.44782304763793945, 0.3781106472015381, -0.09367993474006653, -0.4474559426307678, 0.15200752019882202, -0.04744473844766617, -0.745296835899353, 0.278361439704895, -0.22886233031749725, -0.09175598621368408, 0.4461709260940552, 0.009171518497169018, -0.12962034344673157, 0.21323081851005554, -0.26735615730285645, -0.8786779046058655, -0.10926537960767746, -0.03369130194187164, 0.23285815119743347, -0.3151012361049652, 0.27207237482070923, 0.44825389981269836, -0.11852702498435974, 0.370853066444397, 0.6057155728340149, 0.37022846937179565, -0.14410655200481415, -0.29285353422164917, 0.14238430559635162, 0.07396525144577026, 0.17189320921897888, 0.27158480882644653, 0.20268945395946503, -0.17578068375587463, 0.4846988916397095, 0.08724848926067352, -1.1201317310333252, 0.6208746433258057, -0.48117566108703613, -0.7410576939582825, 0.16622868180274963, 0.1563166379928589, 0.7759629487991333, 0.04396047070622444, 0.5006360411643982, 0.2019524872303009, -0.44516539573669434, -0.05043146014213562, 0.05370349436998367, 0.460579514503479, 0.022092342376708984, -0.832773745059967, -0.019301652908325195]","[0, 1, 1, 1, 1, 1, 0, 1, 1]"
41,data_1bb4ae32,"[-0.12346461415290833, -0.19933012127876282, -0.2747749388217926, -0.0562765896320343, 0.2005201280117035, 0.18886947631835938, 0.24124832451343536, -0.13044798374176025, -0.24035316705703735, -0.3840896487236023, -0.012161323800683022, -0.399296373128891, -0.13117240369319916, -0.16465938091278076, -0.19147896766662598, -0.04051893949508667, -0.1519615650177002, -0.17799502611160278, -0.24232615530490875, -0.12798243761062622, 0.07117963582277298, 0.303116112947464, 0.20730304718017578, -0.16239510476589203, -0.3022143244743347, 0.0060023958794772625, -0.06414253264665604, -0.22350040078163147, -0.29352205991744995, -0.28491172194480896, -0.14975392818450928, -0.40225154161453247, -0.2595832943916321, -0.19092489778995514, -0.4000266194343567, 0.04563314467668533, 0.17821373045444489, 0.06450295448303223, -0.2589109241962433, -0.3568534851074219, -0.07428677380084991, -0.2644871473312378, -0.4109542965888977, 0.10638926923274994, -0.3029610514640808, -0.06049979850649834, 0.011544348672032356, -0.21770037710666656, 0.31350111961364746, -0.24042537808418274, -0.39696282148361206, -0.07010361552238464, -0.2816444933414459, -0.20811888575553894, 0.36444541811943054, -0.3499443531036377, -0.2637450695037842, -0.20047423243522644, -0.20758099853992462, -0.1583629548549652, -0.3776687681674957, -0.008773618377745152, -0.32743093371391296, 0.06608422100543976, 0.00358466780744493, -0.2434694468975067, -0.24751177430152893, -0.03420265391469002, -0.341422975063324, 0.07544565200805664, 0.022224700078368187, -0.09348501265048981, -0.2621966600418091, 0.30878931283950806, 0.14234603941440582, -0.2982437014579773, -0.17042405903339386, -0.1295248419046402, -0.27678796648979187, -0.19677242636680603, -0.020517008379101753, -0.14214783906936646, -0.1685316264629364, -0.333482563495636, -0.3049483299255371, -0.390738844871521, -0.32344990968704224, -0.04172806441783905, -0.046351976692676544, -0.08209948241710663, -0.1323697417974472, -0.27975672483444214, -0.15860861539840698, -0.21844106912612915, -0.13090184330940247, -0.21175500750541687, -0.2519967257976532, -0.010709812864661217, -0.1839444935321808, 0.009863542392849922]","[1, 0, 0, 1, 0, 0, 0, 0, 0, 1, 0, 0, 0, 0, 1, 1, 0, 1, 1]"
42,data_4f36af9c,"[0.40456002950668335, -0.3735913336277008, 0.14664390683174133, 0.2602006196975708, 0.662788450717926, -0.7491029500961304, 0.808691680431366, -0.20209655165672302, -0.12508709728717804, -0.33462613821029663, -0.033175989985466, 0.001724904403090477, 0.2539328932762146, 0.758078932762146, 0.07697510719299316, 0.42222118377685547, 0.7374681234359741, 0.6263796091079712, 0.5121865272521973, -0.7639274001121521, -0.35130536556243896, -0.5765764713287354, -0.1439281404018402, 0.07753006368875504, 0.044893473386764526, -0.054148346185684204, 0.3834810256958008, 0.46781665086746216, 0.6403512954711914, 0.13611871004104614, -0.4047224223613739, 0.03640183061361313, 0.41996321082115173, 0.19699043035507202, 0.2916871905326843, 0.21510347723960876, 0.03924579918384552, 0.18520328402519226, -0.1275433748960495, 0.5742430686950684, 0.4209674894809723, 0.19498901069164276, 0.6706128120422363, -0.040379125624895096, 0.8177080154418945, -0.13918769359588623, -0.020880911499261856, -0.11312255263328552, 0.17124120891094208, 0.07236765325069427, 0.18939310312271118, -0.21676087379455566, 0.03252079710364342, -0.08107711374759674, -0.1116972267627716, 0.38107481598854065, 0.4921761155128479, 0.4505002796649933, 0.5028577446937561, 0.290542870759964, -0.12104767560958862, 0.7150921821594238, 0.046426109969615936, 0.36359769105911255, 0.38809695839881897, 0.6821742057800293, -0.22267167270183563, -0.358672171831131, -0.2593978941440582, -0.08343102037906647, 0.08303810656070709, -0.23854026198387146, -0.9826027154922485, -0.2686998248100281, -0.38999420404434204, -0.2502731382846832, 0.19253088533878326, 0.33885276317596436, 0.4793544411659241, -0.11069673299789429, -0.5151729583740234, -0.7229539155960083, 0.6111783981323242, 0.07698375731706619, 0.549619734287262, 0.16280455887317657, -0.18098825216293335, 0.7723970413208008, 0.1550787091255188, 0.7331534624099731, 0.11895439028739929, 0.5435099005699158, -0.3187144100666046, 0.08045981079339981, 0.8849555253982544, -0.009185651317238808, 0.6560367345809937, 0.33523958921432495, 0.16854798793792725, -0.44406116008758545]","[0, 0, 0, 0, 0, 0, 0, 1, 0, 1, 0, 0, 0, 0, 0, 0, 1, 1, 0]"
43,data_119e910c,"[-0.21172577142715454, -0.12117284536361694, 0.13506516814231873, -0.23017579317092896, 0.03255419433116913, -0.569432258605957, -0.42136383056640625, -0.3717653155326843, -0.10889916121959686, 0.05535833537578583, -0.030098266899585724, -0.07685224711894989, -0.3608781695365906, 0.015631528571248055, -0.5198485851287842, -0.20461991429328918, -0.19079387187957764, -0.186408132314682, 0.08550009876489639, -0.35839417576789856, -0.10241137444972992, 0.016675226390361786, -0.3801038861274719, -0.3023865520954132, -0.08795781433582306, -0.08106337487697601, -0.1182929128408432, -0.4742133617401123, 0.30200129747390747, -0.3719845414161682, 0.0927310585975647, -0.02358730137348175, -0.008702901192009449, -0.15862728655338287, -0.34608206152915955, -0.21294179558753967, 0.09852777421474457, -0.21728190779685974, -0.07119305431842804, -0.40148764848709106, -0.386043906211853, -0.3887979984283447, -0.15150119364261627, 0.36771655082702637, -0.02737240679562092, -0.0660845935344696, -0.2745150327682495, 0.05545588582754135, -0.1359233260154724, -0.5901532173156738, -0.1955505907535553, -0.46349605917930603, -0.17477917671203613, -0.07223569601774216, -0.33744245767593384, -0.09186715632677078, -0.06490950286388397, -0.11182445287704468, -0.016548091545701027, -0.16265274584293365, -0.09595930576324463, -0.047686755657196045, -0.5592508912086487, 0.1783314347267151, -0.12504123151302338, -0.021568428725004196, -0.3229123055934906, -0.49756115674972534, 0.4124513864517212, 0.045231327414512634, -0.3377586007118225, -0.08174185454845428, -0.30636319518089294, 0.12135893106460571, 0.14241202175617218, -0.4032726287841797, 0.38114339113235474, -0.2621086835861206, -0.1900923252105713, -0.24932484328746796, -0.18868111073970795, -0.37089768052101135, -0.10531340539455414, -0.1255955696105957, -0.48025912046432495, -0.3951059579849243, -0.1600407510995865, -0.5008077025413513, 0.31664884090423584, 0.061667561531066895, -0.45476865768432617, -0.3449990451335907, 0.09050063788890839, -0.4460994601249695, -0.16280372440814972, -0.3052276372909546, -0.39671510457992554, 0.10581079125404358, -0.42151033878326416, -0.029135337099432945]","[0, 1, 1, 1, 1, 0, 0, 1, 1]"
44,data_07e2c02a,"[-0.12633654475212097, 0.16291877627372742, 0.0799398124217987, 0.05729340761899948, -0.09565243124961853, -0.08472742140293121, 0.02535003237426281, -0.1242704913020134, -0.07387936115264893, -0.044211722910404205, -0.06340610980987549, -0.11799309402704239, -0.14921970665454865, -0.040519118309020996, -0.03832988440990448, 0.14296531677246094, -0.03240623325109482, -0.05038155987858772, -0.08237966895103455, -0.11771119385957718, -0.1223248541355133, 0.537398099899292, -0.15412399172782898, -0.13132202625274658, -0.07208970189094543, -0.0838521346449852, 0.07008464634418488, -0.05257612094283104, -0.20392820239067078, -0.037867121398448944, -0.04055733233690262, -0.1169636994600296, 0.03852425515651703, -0.1865573525428772, 0.33645594120025635, -0.04272014647722244, 0.0591655895113945, -0.06255871802568436, -0.075068399310112, 0.15715958178043365, -0.062406811863183975, -0.13532543182373047, 0.12310637533664703, 0.05282215029001236, 0.5934240818023682, -0.03205755725502968, -0.053451601415872574, -0.08244868367910385, 0.3393353223800659, 0.20383882522583008, 0.006111938506364822, 0.3483595550060272, -0.03284174203872681, 0.07502350956201553, 0.15175676345825195, -0.09119188785552979, -0.13578127324581146, -0.12953785061836243, -0.13823577761650085, 0.3908144235610962, -0.06313041597604752, -0.05365268513560295, -0.17135602235794067, -0.05726223066449165, 0.30283018946647644, -0.06463281810283661, -0.09875302016735077, -0.13365159928798676, 0.2306014895439148, -0.07726278901100159, -0.04609363526105881, 0.08837756514549255, 0.07261116802692413, 0.15457040071487427, -0.06727007776498795, -0.14206776022911072, -0.06521542370319366, -0.08827916532754898, 0.26297727227211, -0.09145341068506241, -0.12436393648386002, 0.1377595067024231, 0.19802600145339966, 0.10780736804008484, 0.15330564975738525, 0.11322508007287979, -0.05286962911486626, 0.05766283720731735, 0.31141865253448486, -0.06288694590330124, -0.06927400082349777, 0.28311100602149963, -0.19854441285133362, -0.11016541719436646, -0.12211062014102936, -0.12306428700685501, 0.01716071553528309, 0.11399588733911514, 0.16859570145606995, -0.11665341258049011]","[1, 0, 0, 0, 0, 1, 0, 0, 0]"
45,data_af4e0f00,"[0.3934324085712433, -0.11133471876382828, 0.14774465560913086, -0.3156254291534424, 0.10259199142456055, -0.47705793380737305, 0.008177170529961586, -0.32652217149734497, -0.2740857005119324, -0.33911439776420593, 0.29529303312301636, -0.3130585253238678, -0.3511711359024048, 0.30952751636505127, -0.4717581272125244, 0.1570589691400528, 0.035620737820863724, -0.16155406832695007, 0.4713592827320099, 0.018213432282209396, 0.11491428315639496, -0.4519118070602417, 0.7044118642807007, 0.10303044319152832, -0.22953808307647705, -0.12403368949890137, -0.3895227611064911, -0.49633336067199707, -0.6067798137664795, 0.1803576946258545, 0.14158375561237335, 0.2620638906955719, -0.2618573009967804, 0.10083132237195969, -0.2604990005493164, 0.2488406002521515, -0.12798914313316345, -0.24703416228294373, -0.48373451828956604, 0.4797098636627197, 0.18368296325206757, 0.475750595331192, 0.7254866361618042, -0.000407166313380003, -0.3002490997314453, -0.6418154239654541, 0.18342183530330658, -0.22185614705085754, -0.17331553995609283, 0.029297247529029846, 0.10778853297233582, -0.4355394244194031, -0.10658682882785797, -0.24934813380241394, -0.4002022445201874, -0.16202585399150848, -0.039133019745349884, 0.15789805352687836, -0.48131635785102844, 0.3098195791244507, -0.3080142140388489, -0.273989737033844, -0.3934590816497803, 0.6906888484954834, -0.021786674857139587, -0.28678998351097107, -0.05544329434633255, -0.00035897112684324384, -0.2099224328994751, -0.5031720995903015, -0.03442033380270004, -0.1794179230928421, 0.41329604387283325, 0.1762326955795288, -0.04431069642305374, -0.21605442464351654, -0.16467589139938354, -0.3501848876476288, -0.440297394990921, 0.04360631853342056, -0.3831109404563904, 0.5145267248153687, 0.22478824853897095, 0.0044885557144880295, -0.21880018711090088, -0.03727022930979729, 0.4809304475784302, -0.5454556941986084, -0.21471361815929413, 0.1375730037689209, 0.07168355584144592, -0.5480935573577881, -0.0734686553478241, 0.414224773645401, 0.10797549784183502, -0.1583607941865921, 0.4636825621128082, -0.26884347200393677, -0.5025088787078857, 0.041322700679302216]","[0, 1, 0, 1, 1, 0, 0, 1, 1, 0, 0, 1, 0, 0, 0, 1, 0, 0, 0]"
