data_id,y_pred,markov_blanket_pred
data_199180bb,"[-0.8481458425521851, -0.08010061830282211, 0.12466670572757721, -0.4815654754638672, 0.4219629764556885, -1.6617544889450073, -1.3218796253204346, -0.15451228618621826, -0.9877626895904541, -0.9401937127113342, -0.6105261445045471, -0.09740427881479263, -0.304065078496933, -1.3434205055236816, -0.5563604235649109, -0.7152886390686035, -0.8752527236938477, 0.191010981798172, -0.1292591094970703, -1.538615345954895, 0.7089197635650635, 0.09096066653728485, -0.5429118871688843, -1.0779675245285034, -1.9451440572738647, 0.2572918236255646, -1.166740894317627, -0.8151514530181885, -1.3263335227966309, -0.06545273959636688, -0.5698511600494385, -1.3236452341079712, 0.09896545857191086, -0.7305452823638916, -1.077835202217102, -0.8370929956436157, -0.3816971182823181, -0.7623004913330078, -0.5367218255996704, -0.8032383918762207, -0.8315985202789307, -0.31865212321281433, -1.745361089706421, -0.46481314301490784, 0.7444410920143127, -1.5759344100952148, -0.810728907585144, -0.4607124924659729, 0.5910142660140991, -0.9168102741241455, -1.2059744596481323, -0.7288737893104553, -0.7850677967071533, -1.409009337425232, -0.7995069026947021, 0.3835704028606415, -0.6690806150436401, -0.5464386940002441, -0.23947466909885406, -1.3622618913650513, -0.031264178454875946, 0.04339391365647316, -1.2891439199447632, -0.2674950659275055, 0.5067181587219238, -0.04764546826481819, -0.5979341864585876, -0.9962170720100403, -0.8181244730949402, -0.6804883480072021, -1.6890361309051514, -0.4176762104034424, 0.39875921607017517, -1.297817587852478, -0.7720729112625122, -2.504741668701172, -0.4899458885192871, -0.7748861312866211, -0.9769786596298218, -0.8562252521514893, -1.2931501865386963, -0.1239454597234726, -1.3576395511627197, -0.4344314932823181, -1.1676433086395264, -0.5775436758995056, -1.3482147455215454, 0.14453253149986267, -0.484588623046875, -0.5054199695587158, -0.9381657838821411, 0.5032781362533569, -0.29139694571495056, -0.8802276849746704, -1.8483425378799438, -0.41358548402786255, -1.019183874130249, -1.8457372188568115, -0.5626907348632812, -1.3820276260375977]","[1, 1, 1, 1, 1, 1, 1, 0, 1, 0, 1, 1, 0, 0, 1, 1, 1, 1, 1]"
data_36d2b833,"[0.9633272290229797, 0.9574686288833618, 0.9577202796936035, 0.9528629183769226, 0.9413504600524902, 0.9540190696716309, 0.9542180299758911, 0.9614046216011047, 0.9612933993339539, 0.9524340629577637, 0.9473779201507568, 0.9598145484924316, 0.9596531987190247, 0.9589428901672363, 0.9543591737747192, 0.9638921618461609, 0.962409257888794, 0.9367549419403076, 0.9649227261543274, 0.9572886228561401, 0.9657348394393921, 0.9598517417907715, 0.950571596622467, 0.95365309715271, 0.9564194083213806, 0.9603272676467896, 0.9412190914154053, 0.9487356543540955, 0.9578970670700073, 0.9578770399093628, 0.9599274396896362, 0.9557663798332214, 0.947021484375, 0.9670724868774414, 0.9578377604484558, 0.9451141357421875, 0.9549689888954163, 0.960267186164856, 0.9447081685066223, 0.9661346673965454, 0.9591092467308044, 0.9551610350608826, 0.9445882439613342, 0.9526702761650085, 0.9597623348236084, 0.9526707530021667, 0.955227792263031, 0.960368812084198, 0.9368860125541687, 0.9570165872573853, 0.9494082927703857, 0.9637772440910339, 0.9649012684822083, 0.9530313014984131, 0.958906888961792, 0.9554534554481506, 0.9513627290725708, 0.9601625800132751, 0.9557655453681946, 0.9556649327278137, 0.9551782011985779, 0.9499912261962891, 0.9584345817565918, 0.9483009576797485, 0.9416990876197815, 0.9592686891555786, 0.9573506712913513, 0.9482584595680237, 0.9496335983276367, 0.9464794397354126, 0.955917239189148, 0.9604768753051758, 0.9601385593414307, 0.9639385342597961, 0.9455298185348511, 0.9451088309288025, 0.9524590969085693, 0.9490571618080139, 0.9523866176605225, 0.9571676254272461, 0.9587960243225098, 0.9519815444946289, 0.9645454287528992, 0.9571012854576111, 0.9541898965835571, 0.951140284538269, 0.954379677772522, 0.959248423576355, 0.9504715204238892, 0.9615600109100342, 0.9548978209495544, 0.9533962607383728, 0.9607616066932678, 0.9538869261741638, 0.9491469264030457, 0.9585385322570801, 0.9567734003067017, 0.9610389471054077, 0.9455760717391968, 0.945692777633667]","[0, 1, 1, 0, 0, 1, 0, 1, 0]"
data_e84cde01,"[-0.6381102800369263, -0.24245359003543854, -1.040757417678833, -0.24014748632907867, -0.13874655961990356, -0.4538399577140808, -0.28832054138183594, -0.5751143097877502, -0.4453374147415161, 0.6373152732849121, -0.5222746133804321, -0.1180032342672348, -0.1338777244091034, -0.34696826338768005, -0.415868878364563, -0.28201502561569214, -0.316200852394104, -0.2867588400840759, -0.3870117962360382, -0.29126715660095215, -0.46765533089637756, -0.33340001106262207, -0.4348686635494232, -0.4716965854167938, -0.3153718113899231, -0.5409226417541504, -0.5249539017677307, -0.4896225929260254, -0.4324547052383423, -0.39131203293800354, -0.6356473565101624, -0.11473851650953293, -0.25618159770965576, -0.5747768878936768, -0.39139488339424133, -0.12898236513137817, -0.441394567489624, -0.26837238669395447, -0.655544638633728, -0.562216579914093, 0.05645972117781639, -0.8396739959716797, -0.2776798903942108, -0.37990233302116394, -0.41188696026802063, -0.9434630274772644, -0.5255834460258484, 0.05462004244327545, -0.07158245891332626, -0.43918225169181824, -0.2793799638748169, 0.22888517379760742, -0.1307901293039322, -0.23683802783489227, -0.5388898849487305, -0.051135338842868805, -0.6790941953659058, -0.4335213303565979, -0.0859455019235611, -0.4276299774646759, 0.24567115306854248, -0.4302434027194977, -0.21778523921966553, -0.46864229440689087, -0.4167180359363556, -0.06746359169483185, -0.320450097322464, -0.06160268187522888, -0.35716235637664795, -0.4911033809185028, -0.5629906058311462, -0.33804839849472046, -0.4991978406906128, 0.022569002583622932, -0.764837384223938, -0.04530330002307892, -0.24672237038612366, -0.4419863522052765, -0.2162075638771057, -0.25425392389297485, -0.7362418174743652, -0.26389041543006897, -0.24622595310211182, -0.6105177402496338, 0.18389402329921722, -0.22217020392417908, -0.08405275642871857, -0.24729540944099426, -0.26302194595336914, -0.14869019389152527, -0.36854806542396545, -0.3479742109775543, -0.5172114372253418, -0.6380658149719238, -0.14773112535476685, -0.21911773085594177, -0.06340042501688004, -0.46332603693008423, -0.38926824927330017, -0.34948113560676575]","[1, 1, 1, 1, 1, 1, 1, 1, 0]"
data_d4df06d1,"[0.11272688955068588, -0.03542560338973999, -0.08230655640363693, -0.18955597281455994, 0.042135804891586304, -0.15102645754814148, -0.10610280185937881, -0.09623619168996811, 0.057144347578287125, 0.017903663218021393, -0.06595751643180847, 0.06337594240903854, 0.035848468542099, -0.027397887781262398, -0.07893939316272736, -0.08802913129329681, -0.018009338527917862, 0.026658739894628525, -0.12419825047254562, -0.14288641512393951, 0.05895904824137688, 0.050470709800720215, -0.07613077014684677, -0.05527069419622421, -0.03370879590511322, -0.0277094729244709, -0.1135072410106659, -0.07584472745656967, -0.03478529304265976, -0.03451278805732727, -0.010355925187468529, -0.022809403017163277, 0.0972713828086853, -0.007574830204248428, -0.01094906497746706, -0.12623324990272522, 0.11151307821273804, -0.05820799618959427, -0.10119960457086563, 0.005250822752714157, -0.051028311252593994, 0.0030792304314672947, -0.11797581613063812, -0.04093250259757042, -0.040723785758018494, -0.10215458273887634, -0.06535853445529938, 0.06540674716234207, -0.02315368689596653, -0.06687958538532257, -0.05032937601208687, 0.008317186497151852, 0.003960635047405958, -0.04526006802916527, -0.04117906838655472, 0.018787749111652374, -0.028740741312503815, -0.09061631560325623, -0.04242674261331558, -0.09816308319568634, 0.07229476422071457, -0.06926891207695007, -0.10464410483837128, 0.030479582026600838, -0.10344198346138, -0.11935548484325409, -0.06009048968553543, 0.014441924169659615, -0.08901821076869965, -0.028089109808206558, 0.03392166644334793, -0.042209185659885406, -0.0693962424993515, 0.08518889546394348, 0.029367497190833092, -0.09121456742286682, 0.07476630806922913, -0.14809826016426086, -0.04179631918668747, 0.04207448661327362, 0.06209869682788849, 0.0859045460820198, 0.03733742609620094, 0.007398661691695452, 0.023669181391596794, -0.01616365648806095, -0.04337245970964432, -0.041821494698524475, -0.07111983001232147, -0.055126041173934937, 0.016798654571175575, 0.020164720714092255, -0.05323847383260727, -0.05594194680452347, -0.0286002978682518, 0.02157476544380188, -0.12604333460330963, -0.09298262745141983, -0.01635742373764515, -0.06612995266914368]","[1, 1, 1, 1, 1, 0, 1, 0, 1, 1, 1, 1, 0, 0, 1, 0, 1, 0, 1]"
data_645b0390,"[1.1218924522399902, 0.6416537165641785, 1.0722278356552124, 0.9343885183334351, 1.1231039762496948, 1.006119966506958, 1.097083568572998, 1.0478994846343994, 1.0205721855163574, 0.8560451865196228, 0.4756794273853302, 1.0723085403442383, 0.6986781358718872, 0.9602550268173218, 1.0326381921768188, 0.9255508780479431, 1.0283567905426025, 1.001343846321106, 1.2857273817062378, 1.020836591720581, 1.2658865451812744, 0.9725959300994873, 0.9449808597564697, 1.0328255891799927, 0.9193020462989807, 0.8266465067863464, 0.8265324234962463, 0.8802114129066467, 0.9708600044250488, 0.7324621677398682, 0.5493859052658081, 0.7439833879470825, 0.9675666093826294, 0.706609845161438, 0.5603995323181152, 0.8846752047538757, 1.2267063856124878, 0.9883629083633423, 0.9134734869003296, 1.3862478733062744, 0.9405654072761536, 0.887997031211853, 0.8446574211120605, 1.034799575805664, 1.1945093870162964, 0.7307417988777161, 0.6866977214813232, 0.7655012607574463, 0.6125843524932861, 0.6732199192047119, 0.9485641121864319, 0.5909958481788635, 1.05194091796875, 1.0242286920547485, 1.2592321634292603, 1.341610074043274, 1.057295322418213, 0.9719498753547668, 0.8264080286026001, 1.1171948909759521, 0.812251091003418, 1.0122146606445312, 0.6192749738693237, 1.1522326469421387, 0.7507534027099609, 1.0445553064346313, 1.1817305088043213, 0.9881165623664856, 0.8453241586685181, 1.0619893074035645, 1.1946300268173218, 1.2594505548477173, 1.2611428499221802, 1.0089077949523926, 0.5124317407608032, 0.6507387161254883, 0.9746342897415161, 0.9730006456375122, 0.8868300318717957, 0.3717547357082367, 0.9598754644393921, 1.3480231761932373, 0.9693911671638489, 1.0575376749038696, 0.898030161857605, 0.8697038888931274, 1.036831021308899, 0.7664211392402649, 1.1396063566207886, 0.7694803476333618, 1.0081180334091187, 0.8382567763328552, 0.9753766059875488, 0.7050642967224121, 0.7707322835922241, 0.9291527271270752, 0.759763240814209, 1.2047175168991089, 0.6757855415344238, 1.2090333700180054]","[1, 1, 1, 1, 0, 1, 0, 1, 0]"
data_a017dbde,"[0.0866219624876976, -0.04303421825170517, -0.06314554810523987, -0.07084435224533081, 0.023730767890810966, 0.02950158901512623, -0.01731596514582634, 0.0143850427120924, -0.07021951675415039, 0.173423632979393, -0.06077181547880173, 0.160774827003479, 0.00014481646940112114, -0.0578780472278595, -0.002174877095967531, 0.0491037480533123, -0.0025364570319652557, 0.04741741344332695, 0.11547689139842987, 0.023285480216145515, -0.12326758354902267, -0.14331042766571045, -0.0021880920976400375, -0.010062615387141705, -0.08827906847000122, -0.18254190683364868, -0.04700753837823868, 0.01830287277698517, 0.03345373272895813, -0.11525270342826843, -0.10572312027215958, -0.12326782941818237, 0.037515632808208466, 0.08426445722579956, -0.10751529783010483, 0.0571347214281559, 0.05256500467658043, -0.11268064379692078, 0.06457552313804626, -0.07816003262996674, 0.2532103359699249, 0.05847914144396782, -0.04958979785442352, -0.04918114095926285, -0.01857886090874672, 0.03539803996682167, -0.14511620998382568, -0.007031973451375961, -0.1544334441423416, -0.01401380356401205, -0.10799121111631393, -0.029959745705127716, -0.07355451583862305, 0.1668933629989624, 0.18610884249210358, 0.04414748772978783, 0.07978244870901108, 0.07999327778816223, -0.0962548702955246, 0.028371598571538925, -0.08548587560653687, -0.07042327523231506, 0.12345337122678757, 0.050965406000614166, -0.08359499275684357, -0.15869583189487457, 0.006112759001553059, -0.03989659249782562, -0.10747803747653961, 0.055017098784446716, -0.08544518053531647, -0.14220131933689117, -0.01799004338681698, -0.04581484943628311, -0.027091985568404198, -0.06130855530500412, -0.02887173742055893, 0.06782752275466919, -0.22578562796115875, 0.22358965873718262, -0.001264454796910286, 0.10777628421783447, 0.12990880012512207, 0.19187712669372559, -0.07815125584602356, 0.08623329550027847, -0.015513379126787186, -0.04926846921443939, 0.16770540177822113, -0.17279288172721863, 0.0484735332429409, 0.1886245459318161, -0.027461158111691475, 0.023036614060401917, 0.017991358414292336, 0.09709340333938599, 0.052051328122615814, -0.08652333915233612, 0.016281794756650925, 0.13368216156959534]","[1, 1, 1, 1, 1, 1, 1, 1, 1]"
data_f308f199,"[-0.1652275174856186, -0.04290792718529701, -0.05477217957377434, -0.1538955271244049, 0.05706255882978439, -0.18884679675102234, -0.1120477020740509, -0.2065078765153885, -0.08852702379226685, 0.25902801752090454, -0.10528767853975296, -0.21285076439380646, 0.31007683277130127, -0.0664559155702591, -0.08254598081111908, -0.04806318134069443, -0.025283409282565117, -0.1301703155040741, 0.004765393678098917, -0.09851258248090744, -0.007436755113303661, -0.36628207564353943, -0.048259951174259186, 0.021723775193095207, 0.03352132439613342, 0.08832049369812012, 0.5122973322868347, -0.23945331573486328, -0.19576546549797058, 0.34172672033309937, 0.13108554482460022, 0.11351213604211807, -0.17774806916713715, -0.1288413554430008, -0.27206483483314514, 0.3565480709075928, 0.4132263660430908, -0.13807186484336853, 0.06834235042333603, 0.38377299904823303, -0.1505272388458252, 0.13704156875610352, -0.10269656777381897, -0.25369858741760254, -0.1582178920507431, -0.13894878327846527, -0.15583960711956024, -0.07959875464439392, 0.18846197426319122, 0.06943388283252716, 0.14261727035045624, 0.2348717749118805, -0.16206005215644836, -0.04677280783653259, -0.06690476834774017, -0.07634694874286652, -0.015778062865138054, -0.2603074908256531, 0.08794532716274261, 0.1994488537311554, -0.1337771713733673, 0.2970333695411682, 0.27253445982933044, -0.018045594915747643, -0.03489125147461891, -0.16032513976097107, -0.1822127401828766, -0.06393612176179886, -0.3248665928840637, 0.3502729535102844, -0.2837156653404236, 0.19921928644180298, -0.3338634669780731, 0.2537699043750763, -0.07111874222755432, 0.039224375039339066, 0.628318190574646, 0.10064201056957245, -0.06928358972072601, 0.1528652012348175, 0.08928808569908142, 0.2686850130558014, -0.14366191625595093, -0.023790866136550903, -0.2305140346288681, 0.1236632764339447, -0.2630487084388733, 0.2859463691711426, -0.22301623225212097, 0.0958736315369606, 0.1809203028678894, 0.04384591057896614, 0.3071627616882324, 0.3247048556804657, 0.13513560593128204, 0.028847690671682358, -0.13575387001037598, 0.3607317805290222, 0.10949429124593735, 0.018925514072179794]","[1, 1, 1, 1, 1, 0, 1, 1, 0, 1, 1, 1, 0, 1, 0, 1, 1, 0, 1]"
data_d3895e55,"[0.7088241577148438, 0.057270295917987823, 1.2953392267227173, 0.3620597720146179, 0.34250402450561523, 0.8345117568969727, 0.5562750697135925, 0.07362829893827438, 0.9472655653953552, 0.6252316236495972, 1.0614569187164307, 1.0328872203826904, 0.6491966247558594, 0.3651270568370819, -0.330998957157135, 0.2135545164346695, 0.24412702023983002, 1.135571002960205, 0.2644916772842407, 1.1278882026672363, 0.5342733860015869, 0.4480634331703186, 1.2646031379699707, 0.6179999709129333, -0.6026984453201294, 0.18292130529880524, 1.1320931911468506, 0.20549926161766052, 0.6512129902839661, 0.6508172154426575, 0.9838437438011169, 1.088714599609375, 0.39847323298454285, 0.7202767729759216, 0.21995733678340912, -0.412977010011673, 0.6126226186752319, 0.03055301494896412, 1.1807193756103516, -0.1714414805173874, 0.5785011053085327, 0.4925113618373871, -0.21871161460876465, 0.38787952065467834, 1.7009421586990356, 0.9501934051513672, -0.9766173362731934, 0.890202522277832, 1.1794074773788452, 0.9934198260307312, 1.7331188917160034, -0.0392192117869854, 1.6018574237823486, 0.012358931824564934, 0.1549333930015564, 0.35134774446487427, 0.023458387702703476, 0.22513264417648315, 1.2346901893615723, 0.4766104817390442, 0.9535727500915527, 0.5641493797302246, 0.7838149070739746, 0.6783632040023804, 0.206078439950943, 0.2626011371612549, 1.3954540491104126, 0.6461371779441833, 0.33451226353645325, 0.24303394556045532, -0.0882917121052742, -0.2166662961244583, -0.20679974555969238, 0.19350242614746094, 0.5502864718437195, 0.6377708911895752, 0.25768133997917175, -0.023375162854790688, 0.5447092652320862, -0.15874162316322327, 0.6964194774627686, 1.3549448251724243, 0.7376009821891785, 0.2541782557964325, 0.8463255167007446, 0.4296344220638275, 0.29408061504364014, 0.06219718977808952, 0.2995143532752991, 0.5775699019432068, 0.7111017107963562, 0.7881612777709961, 0.9796477556228638, 0.5935238599777222, -0.11316590756177902, 0.6669061779975891, 0.3735634386539459, 1.2768969535827637, -0.6202316284179688, 0.8178638219833374]","[1, 0, 1, 0, 0, 1, 0, 1, 1, 1, 1, 1, 1, 0, 0, 1, 1, 0, 0]"
data_64fb3c1c,"[0.33380481600761414, -0.5256392955780029, -0.6643277406692505, 1.1679314374923706, -0.45054420828819275, 0.14065678417682648, -0.17754000425338745, -0.5655653476715088, 0.10524904727935791, 0.3886825442314148, -0.2154533863067627, -0.4678700268268585, -0.11074817180633545, 0.5626139044761658, -0.7427642345428467, -0.3536614775657654, 0.09287914633750916, 0.17606717348098755, -0.07702751457691193, -0.46818310022354126, -0.36507105827331543, -0.044040970504283905, -0.25713345408439636, 0.8995985984802246, -0.17880478501319885, 0.6561912298202515, 0.023825591430068016, -0.8333953619003296, -0.13975894451141357, -0.11053057014942169, -0.25826573371887207, -0.13496950268745422, 0.6410371661186218, -0.32499781250953674, -0.7120877504348755, 0.20868903398513794, -0.04320462793111801, -0.8757814764976501, -0.5735637545585632, -0.5547186732292175, -0.25786322355270386, -0.5508624315261841, -0.20232883095741272, -0.32152095437049866, -0.1651887744665146, 0.025168126448988914, 0.6565099358558655, -0.5342683792114258, -0.39622002840042114, 0.37823939323425293, 0.6186116337776184, 0.032594434916973114, -0.5141017436981201, -0.1614219844341278, -1.0648021697998047, 0.8148074746131897, -0.2893233895301819, -0.29993003606796265, -0.8312079906463623, -0.4165375828742981, 0.577492356300354, 1.1089473962783813, -0.2027609944343567, 0.314927875995636, 1.0427308082580566, -0.83608078956604, 0.5618762373924255, 0.3810039162635803, 0.796861469745636, 0.14579974114894867, 0.7122418880462646, 0.032620906829833984, -0.8598334193229675, -0.008929332718253136, 0.499054878950119, -0.001143486239016056, -0.22291120886802673, 0.26967960596084595, -0.052761755883693695, -0.05190218612551689, -0.013502197340130806, -0.5769767165184021, -0.4908829629421234, 0.4821470081806183, 0.2872591018676758, -0.7610167860984802, -0.3795277178287506, 0.30093684792518616, -0.22080443799495697, -0.4965807795524597, -0.048131681978702545, 0.18827304244041443, -0.596296489238739, -0.9523407220840454, -0.02656547538936138, 0.5182451009750366, 0.18435600399971008, -0.1644890308380127, 1.0515273809432983, 0.17598840594291687]","[1, 1, 1, 1, 1, 1, 1, 1, 0]"
data_9bdeddda,"[1.0861079692840576, 1.1548274755477905, 1.0945134162902832, 1.0606411695480347, 1.0697131156921387, 1.0646965503692627, 1.0530892610549927, 1.1625006198883057, 1.0552157163619995, 1.1020958423614502, 0.9989603757858276, 1.0111013650894165, 0.9952311515808105, 1.085110068321228, 1.129183053970337, 1.0307608842849731, 1.0577760934829712, 1.0712751150131226, 1.055321216583252, 1.0944818258285522, 1.1412266492843628, 1.1676054000854492, 1.0437111854553223, 1.0357890129089355, 1.117998480796814, 1.0730369091033936, 0.9823413491249084, 1.017596960067749, 0.9953691959381104, 1.1102577447891235, 1.1176681518554688, 1.0068771839141846, 1.0605268478393555, 1.0411397218704224, 1.0158923864364624, 1.0712065696716309, 1.0600708723068237, 1.0586986541748047, 1.1297847032546997, 1.06246817111969, 1.0463794469833374, 1.0097616910934448, 1.055898904800415, 1.1027504205703735, 1.1030757427215576, 0.9981307983398438, 1.1266459226608276, 1.1365623474121094, 1.008604884147644, 0.9043448567390442, 1.058395266532898, 1.0833832025527954, 1.1173031330108643, 1.0261931419372559, 1.1055874824523926, 1.1172362565994263, 1.058025598526001, 1.132878303527832, 1.0983649492263794, 1.0564420223236084, 1.0277438163757324, 1.0577346086502075, 1.058417797088623, 1.065634846687317, 1.044722318649292, 1.0875632762908936, 1.034919261932373, 1.0695042610168457, 1.0332375764846802, 1.1104007959365845, 1.048433542251587, 1.0842409133911133, 1.1093754768371582, 1.0429577827453613, 1.1229952573776245, 1.0203579664230347, 1.0618877410888672, 1.0397604703903198, 1.0115032196044922, 1.0187859535217285, 1.076356291770935, 1.1061406135559082, 1.030534029006958, 1.0526421070098877, 1.080167293548584, 1.0200835466384888, 1.0213756561279297, 1.089128851890564, 1.101151466369629, 1.0157569646835327, 1.0231236219406128, 0.9492380023002625, 1.1666364669799805, 1.0467090606689453, 1.0669759511947632, 1.1041083335876465, 1.0333905220031738, 0.9751245379447937, 1.050525188446045, 1.108703374862671]","[1, 1, 1, 1, 1, 0, 1, 0, 1, 1, 1, 1, 0, 0, 0, 1, 1, 0, 1]"
data_b3e70cb1,"[0.11662314832210541, -0.15849557518959045, 0.062216684222221375, -0.08733891695737839, -0.02533496543765068, 0.11609943956136703, -0.08826309442520142, 0.10297057777643204, -0.06906601041555405, 0.06980689615011215, 0.06428884714841843, -0.07770015299320221, -0.06505846977233887, 0.0852925032377243, 0.07824213057756424, -0.06290652602910995, 0.020211288705468178, 0.044723015278577805, 0.008689355105161667, 0.02179504558444023, -0.0487925186753273, -0.03492830693721771, 0.16198793053627014, 0.23735477030277252, 0.17551741003990173, 0.05760782212018967, 0.11211474239826202, 0.03401343524456024, 0.05063590407371521, -0.12589934468269348, -0.09918422996997833, 0.014396000653505325, -0.1484791338443756, 0.00373461889103055, 0.0654354840517044, 0.09579714387655258, -0.10266448557376862, 0.07798108458518982, -0.1921747922897339, 0.11186009645462036, 0.21322208642959595, -0.023704547435045242, 0.08454251289367676, 0.004231657832860947, 0.05118005350232124, 0.0820259153842926, -0.13570252060890198, 0.0019569587893784046, -0.09476809203624725, 0.09786160290241241, 0.12872660160064697, 0.05601043626666069, 0.06368200480937958, -0.05215362086892128, 0.07931719720363617, -0.19599542021751404, -0.029079506173729897, -0.053992416709661484, 0.14627596735954285, 0.14719158411026, 0.03273816779255867, 0.07217051088809967, 0.061199840158224106, -0.04996846243739128, -0.0253392793238163, 0.16637861728668213, -0.13169851899147034, 0.0072209457866847515, 0.049088913947343826, 0.1932738572359085, 0.020437901839613914, 0.19117403030395508, 0.820019543170929, 0.20321020483970642, 0.10573844611644745, -0.14978429675102234, 0.028073260560631752, 0.010481245815753937, -0.07264678180217743, -0.04536888748407364, 0.05929787829518318, 0.11105988919734955, 0.14682941138744354, -0.1411575824022293, 0.10190896689891815, -0.07740719616413116, -0.013205969706177711, -0.03998119384050369, -0.08714515715837479, 0.04561913385987282, 0.03366909176111221, 0.22762030363082886, 0.10478382557630539, 0.11813624203205109, 0.10819607973098755, -0.05407942086458206, 0.03075556457042694, -0.14820635318756104, -0.16660131514072418, 0.013510729186236858]","[0, 1, 1, 1, 1, 1, 1, 1, 1]"
data_bb0cbfa2,"[0.3344517946243286, 0.2366746962070465, 0.19047561287879944, -0.2154819369316101, -0.22500315308570862, 0.11738748848438263, -0.3602272868156433, 0.2641953229904175, 0.23034504055976868, 0.1258505880832672, -0.004740345757454634, -0.13974833488464355, 0.017531538382172585, 0.05501212179660797, 0.18397898972034454, -0.16386716067790985, 0.004244054667651653, 0.0916815847158432, -0.47496193647384644, 0.16953733563423157, -0.16310812532901764, 0.059596288949251175, 0.05637536197900772, -0.43980324268341064, -0.3185710608959198, 0.15430058538913727, 0.04731973260641098, -0.19529682397842407, 0.16064104437828064, -0.25973817706108093, -0.08411341160535812, 0.11749225854873657, -0.30673813819885254, 0.1435193121433258, -0.2240726202726364, -0.1801002323627472, -0.22336941957473755, 0.06666010618209839, 0.3149207830429077, 0.23555950820446014, -0.04615839570760727, 0.08564561605453491, 0.37137964367866516, -0.16890452802181244, -0.22802406549453735, 0.1386745572090149, -0.18150891363620758, 0.004472167231142521, -0.08769452571868896, 0.15217766165733337, -0.3483143448829651, 0.2075129896402359, -0.3805253803730011, 0.21754463016986847, -0.01930852234363556, -0.1893557608127594, -0.08695508539676666, 0.019540203735232353, -0.34242498874664307, -0.4914323687553406, 0.23391714692115784, 0.24451546370983124, -0.3142883777618408, -0.13642999529838562, 0.2250068187713623, 0.13786262273788452, 0.411428302526474, 0.22922056913375854, -0.21305403113365173, -0.004696814343333244, -0.36870768666267395, -0.19733873009681702, -0.25456535816192627, 0.3279934525489807, 0.12833167612552643, 0.24035963416099548, 0.2443380504846573, -0.09728287905454636, -0.3719654679298401, 0.054211657494306564, -0.19731685519218445, 0.1409023553133011, 0.022553717717528343, -0.008962723426520824, 0.16966906189918518, -0.2951740026473999, -0.007301466539502144, -0.06235847622156143, 0.21526388823986053, -0.11572764068841934, 0.2603270709514618, 0.19945724308490753, 0.11186079680919647, -0.17550289630889893, 0.10911600291728973, 0.13637064397335052, -0.2858865559101105, 0.2926921546459198, 0.3196799159049988, 0.22883670032024384]","[1, 1, 1, 0, 0, 1, 0, 1, 0]"
data_d877fcc7,"[-0.051364559680223465, 0.021485714241862297, -0.27951231598854065, -0.22344836592674255, 0.5086603164672852, -0.12619192898273468, 0.09218893945217133, -0.02899773046374321, -0.12561878561973572, -0.39065104722976685, -0.27932432293891907, -0.27116525173187256, -0.3033376932144165, -0.4368521273136139, -0.13926437497138977, -0.583541750907898, -0.24201935529708862, -0.07633951306343079, 0.11924217641353607, -0.42651182413101196, -0.2255733460187912, -0.33526352047920227, -0.7284606695175171, -0.14574825763702393, -0.40169960260391235, -0.5507713556289673, -0.44880151748657227, -0.22166085243225098, -0.2741437554359436, -0.2618984878063202, 0.46948736906051636, 0.11345165967941284, -0.11431007087230682, -0.39330819249153137, -0.20664653182029724, -0.18141481280326843, -0.16940902173519135, 0.08047977089881897, 0.14597898721694946, -0.5545089244842529, -0.3925536870956421, -0.3217853307723999, -0.5330423712730408, -0.36197879910469055, -0.8781043291091919, -0.4993050992488861, -0.31170064210891724, -0.03569941595196724, -0.23746976256370544, 0.2519749701023102, -0.5000013113021851, -0.11434238404035568, -0.5782952904701233, 0.04431557655334473, -0.25603312253952026, -0.2948138117790222, -0.7822563648223877, 0.0746326819062233, -0.20980484783649445, 0.4326860308647156, -0.26862579584121704, -0.24243959784507751, -0.34519055485725403, -0.452229380607605, -0.004240226000547409, 0.0030087195336818695, -0.0764961689710617, -0.25430816411972046, -0.45843255519866943, -0.4860925078392029, -0.4517623782157898, -0.12178976088762283, -0.23380370438098907, -0.23521077632904053, -0.2712819278240204, 0.027019323781132698, 0.034092411398887634, -0.4308559000492096, -0.5379687547683716, 0.029967907816171646, -0.09913284331560135, 0.01513884961605072, -0.534629225730896, -0.23597346246242523, -0.06836856156587601, -0.005403284914791584, -0.08467188477516174, -0.10882118344306946, 0.11569629609584808, 0.40243470668792725, -0.18783189356327057, 0.49369293451309204, -0.0037383753806352615, -0.11349181830883026, -0.5512884855270386, -0.5462766885757446, -0.3513696789741516, -0.3533177673816681, -0.34050774574279785, 0.09579768776893616]","[1, 1, 1, 1, 1, 1, 1, 1, 0]"
data_7b56d868,"[-0.3806377351284027, 0.4198017120361328, 0.30502602458000183, -0.19286420941352844, -0.07027870416641235, -0.0008442890830338001, -0.05856866389513016, -0.3088799715042114, -0.2118033468723297, 0.3374754786491394, 0.15319883823394775, 0.1675015091896057, 0.11387012898921967, -0.11804324388504028, 0.10307535529136658, -0.22965343296527863, 0.12674228847026825, 0.04691581428050995, 0.20720809698104858, 0.10130228847265244, 0.10955004394054413, 0.21484854817390442, 0.37460044026374817, 0.17206025123596191, 0.010340392589569092, 0.020802361890673637, -0.22042474150657654, -0.012805637903511524, -0.04216941446065903, 0.35379862785339355, -0.2531534433364868, -0.027377396821975708, -0.060739483684301376, -0.12817099690437317, 0.13376790285110474, -0.21264436841011047, -0.08030802756547928, -0.07577744126319885, -0.18535548448562622, -0.20596958696842194, -0.13004928827285767, 0.023744292557239532, -0.28302857279777527, -0.1372353881597519, 0.15363866090774536, -0.08030882477760315, 0.06104431673884392, 0.30783140659332275, 0.10578322410583496, -0.048846397548913956, -0.06881626695394516, 0.05244160443544388, 0.3036084771156311, 0.0018390617333352566, -0.2579615116119385, -0.19255167245864868, -0.3525015711784363, 0.11393186450004578, 0.07504485547542572, -0.24854981899261475, -0.11225292086601257, 0.10615465044975281, -0.3484436869621277, -0.18151040375232697, -0.11004703491926193, 0.008570983074605465, -0.09480097889900208, -0.12162627279758453, 0.12071011960506439, -0.1371370255947113, 0.1680108904838562, 0.41116154193878174, 0.003666977398097515, -0.08000761270523071, -0.13792279362678528, -0.030141279101371765, -0.05327090620994568, 0.15915019810199738, -0.3700813353061676, 0.2639367878437042, -0.07529410719871521, -0.048061639070510864, 0.13981521129608154, 0.008744493126869202, -0.04098847135901451, -0.009368865750730038, 0.15190376341342926, 0.42876461148262024, -0.010603727772831917, 0.015440298244357109, -0.05274767801165581, 0.18343082070350647, -0.2223718762397766, -0.10709009319543839, 0.09208881109952927, 0.2444504052400589, -0.11380624026060104, -0.3522791564464569, 0.22704380750656128, -0.22427605092525482]","[1, 1, 1, 1, 1, 1, 1, 1, 1]"
data_bc611099,"[0.815843403339386, 1.0623738765716553, 0.91947340965271, 1.2103489637374878, 0.9700720906257629, 1.0824519395828247, 0.8975229263305664, 0.7849066853523254, 0.8970733284950256, 0.8886491656303406, 1.0816736221313477, 0.9596589207649231, 0.8167471885681152, 0.7581185102462769, 0.9254702925682068, 0.7921445369720459, 0.8882641792297363, 1.1357072591781616, 1.0429542064666748, 0.8526433706283569, 0.8236645460128784, 1.1483402252197266, 0.6886090040206909, 0.9681355953216553, 0.939579963684082, 0.9662601947784424, 1.1882268190383911, 0.9199029803276062, 1.0200481414794922, 0.8427969217300415, 0.7603474259376526, 0.832137942314148, 0.8494529128074646, 0.9813224077224731, 1.028074026107788, 0.7039366960525513, 0.8624244928359985, 0.77938312292099, 0.8824597001075745, 0.9000004529953003, 0.7896515727043152, 0.9564138650894165, 0.8120114803314209, 0.9113509058952332, 0.926059365272522, 0.7316091060638428, 1.0043604373931885, 0.6414883136749268, 0.8477559089660645, 0.8863897919654846, 1.033181071281433, 0.8089151382446289, 0.7961598634719849, 0.9622867107391357, 0.8787128925323486, 0.9178628921508789, 1.0395584106445312, 0.8898853063583374, 1.123201847076416, 1.1331629753112793, 0.7893539071083069, 0.8989966511726379, 0.8018736243247986, 0.7170742154121399, 0.9730448722839355, 1.045450210571289, 0.7192019820213318, 1.086449384689331, 0.830605685710907, 0.8827681541442871, 0.9674919247627258, 0.9280602931976318, 0.8732351064682007, 0.7274500727653503, 1.132785677909851, 0.9405120015144348, 1.0187867879867554, 0.9318782687187195, 1.0253982543945312, 0.8379004001617432, 0.88593590259552, 0.8785553574562073, 0.961837649345398, 1.059372901916504, 0.8883594274520874, 0.9829375147819519, 0.834987998008728, 0.9537575840950012, 0.8493397235870361, 1.0327048301696777, 0.7511175274848938, 0.9105454683303833, 0.7981799244880676, 0.974186360836029, 0.8146946430206299, 1.1308879852294922, 0.9552276730537415, 0.9074276685714722, 0.8376609086990356, 0.7526602149009705]","[1, 1, 1, 1, 1, 0, 0, 0, 1, 1, 1, 0, 0, 0, 0, 1, 1, 0, 1]"
data_ea127d43,"[-0.4786995053291321, -0.08029594272375107, -0.42921558022499084, -0.14726117253303528, -0.0856691375374794, -0.3630567193031311, 0.152441143989563, 0.13981828093528748, -0.08097518980503082, -0.12079019844532013, 0.04440702870488167, -0.3360912799835205, -0.09852665662765503, -0.4702298045158386, -0.2195247858762741, 0.012793503701686859, 0.07428926229476929, -0.5646727085113525, -0.16064772009849548, -0.19645896553993225, -0.4686833620071411, -0.22148284316062927, -0.1800277680158615, 0.020811699330806732, -0.08449334651231766, -0.12365077435970306, -0.24865876138210297, -0.6759548187255859, -0.3209069073200226, -0.1730186939239502, -0.667591392993927, 0.2376832216978073, -0.6030724048614502, -0.13507072627544403, 0.0987829864025116, -0.34057992696762085, -0.06590761244297028, -0.6146095395088196, -0.26568740606307983, -0.38612720370292664, -0.7842972278594971, -0.31963664293289185, -0.16424760222434998, -0.9176186919212341, -0.1313513070344925, -0.7963965535163879, -0.5330407619476318, 0.07925806939601898, -0.33284440636634827, 0.011293178424239159, -0.5344710350036621, -0.10294607281684875, -0.43264806270599365, 0.39047467708587646, -0.41857582330703735, -0.16130661964416504, -0.103270523250103, -0.570164144039154, -0.17782136797904968, -0.4048875570297241, -0.3068501651287079, -0.3180078864097595, 0.22210685908794403, -0.1919942945241928, -0.7220664620399475, -0.19636841118335724, -0.09760517627000809, -0.2770358920097351, -0.14195820689201355, -0.30443695187568665, 0.13057434558868408, -0.2998381555080414, -0.7874903082847595, -0.42370864748954773, -0.16192977130413055, -0.022464485839009285, 0.34772753715515137, -0.3595273196697235, -0.514722466468811, -0.005877383053302765, -0.5644364356994629, -0.20683449506759644, -0.21925699710845947, -0.2527972459793091, -0.2915155589580536, -0.1947818249464035, -0.46320033073425293, -0.48811978101730347, -0.4940030872821808, -0.3033759593963623, 0.42885684967041016, -0.22243942320346832, -0.9640683531761169, -0.6161760091781616, -0.30577602982521057, -0.2017856240272522, -0.45951080322265625, -0.2820853292942047, -0.44920843839645386, 0.3182820975780487]","[0, 1, 1, 1, 1, 1, 0, 1, 1, 1, 1, 1, 0, 1, 1, 1, 1, 1, 1]"
data_90023e82,"[-0.002882273867726326, -0.34726643562316895, -0.07129878550767899, 0.005715460516512394, -0.43252551555633545, 0.09148947894573212, -0.0021564308553934097, 0.09564147889614105, -0.18143713474273682, -0.3383382558822632, -0.4000277817249298, -0.43256866931915283, -0.04148102179169655, -0.21459734439849854, -0.21997642517089844, -0.6353914737701416, -0.37081974744796753, -0.5036191940307617, 0.11955543607473373, -0.09265980124473572, -0.6484146118164062, 0.041094012558460236, -0.15763740241527557, 0.09521706402301788, -0.6080625653266907, -0.4640015661716461, -0.38588255643844604, -0.2946445345878601, -0.23922894895076752, -0.1605774611234665, -0.17113034427165985, -0.3007311224937439, -0.13980799913406372, -0.44478335976600647, -0.3919545114040375, 0.03947002440690994, -0.1511944830417633, -0.06435437500476837, 0.009007111191749573, -0.43527844548225403, -0.34442734718322754, -0.1773584485054016, -0.16899961233139038, 0.1149437353014946, -0.06895305961370468, -0.10845286399126053, -0.25273677706718445, -0.16165894269943237, 0.056465160101652145, 0.45133721828460693, 0.06399068981409073, -0.2231268435716629, -0.47092652320861816, 0.02258550189435482, -0.49380919337272644, 0.05014343559741974, -0.17553944885730743, 0.37579286098480225, 0.09908424317836761, -0.300093412399292, -0.2547057271003723, 0.3857661485671997, -0.15010322630405426, -0.21870049834251404, -0.09589378535747528, 0.34323662519454956, -0.32523033022880554, 0.1391858011484146, -0.1760948896408081, -0.21904979646205902, -0.19559547305107117, -0.13806064426898956, 0.158353790640831, -0.363338828086853, -0.06164846196770668, -0.31622540950775146, -0.028236214071512222, 0.03089624084532261, -0.3852255642414093, 0.24670767784118652, 0.04854506626725197, -0.28466734290122986, -0.2821682095527649, -0.36200788617134094, 0.01893378607928753, 0.08219198137521744, -0.08392408490180969, -0.5592259168624878, -0.09661690145730972, -0.3188837766647339, -0.3947407603263855, -0.2252568006515503, -0.25729265809059143, -0.0727580115199089, -0.03450649231672287, -0.12408509105443954, -0.06685268133878708, 0.16670532524585724, -0.03696143999695778, -0.3778049945831299]","[1, 1, 1, 1, 1, 1, 1, 0, 1, 1, 1, 1, 1, 1, 1, 1, 1, 1, 1]"
data_574a7ab6,"[0.014859123155474663, -0.33391058444976807, -0.1836024820804596, -0.269884318113327, 0.14196568727493286, -0.19882842898368835, -0.04151732474565506, -0.2428302764892578, -0.29705798625946045, -0.06771840155124664, -0.026276616379618645, -0.48566463589668274, -0.16461758315563202, -0.03060269169509411, -0.12150047719478607, 0.11855458468198776, -0.44972532987594604, -0.2226373255252838, -0.1300230771303177, -0.22684170305728912, -0.1662634313106537, -0.1787261664867401, -0.34228774905204773, -0.29554787278175354, 0.021018866449594498, -0.17540930211544037, -0.2496900111436844, 0.4176856279373169, -0.2939201593399048, 0.19926874339580536, 0.044784825295209885, -0.14761292934417725, 0.19901323318481445, -0.26232820749282837, 0.08687332272529602, 0.24202042818069458, 0.05396655574440956, -0.1938425898551941, 0.071101114153862, -0.4054548740386963, -0.4125780463218689, 0.03591763228178024, -0.48588019609451294, -0.0010818969458341599, -0.379766047000885, 0.4476727247238159, -0.31335532665252686, -0.13016584515571594, -0.2022676318883896, -0.2416965216398239, -0.15191105008125305, 0.04416327923536301, 0.19962690770626068, 0.00018239300698041916, 0.015128625556826591, 0.18501493334770203, -0.3447178900241852, -0.36828359961509705, 0.543380081653595, -0.3617703914642334, 0.23956669867038727, -0.10545459389686584, -0.09963978826999664, -0.044970668852329254, -0.00595207791775465, -0.22764045000076294, -0.08110468834638596, -0.2575504779815674, -0.4308832287788391, 0.1748223900794983, -0.3039219379425049, -0.03596273437142372, 0.4750608801841736, -0.11641093343496323, 0.16635668277740479, -0.2577274739742279, -0.2990761399269104, 0.14198847115039825, -0.12719537317752838, 0.11750344932079315, -0.015457317233085632, -0.5517907738685608, -0.35187822580337524, 0.0043063899502158165, -0.097698874771595, 0.25600185990333557, 0.10872601717710495, -0.3646445870399475, -0.1672174483537674, 0.17352207005023956, -0.36424657702445984, -0.24056202173233032, -0.3687252700328827, 0.21421492099761963, 0.40325498580932617, 0.05134323239326477, -0.09372074156999588, 0.6059980392456055, -0.17946435511112213, -0.22262051701545715]","[1, 0, 0, 1, 1, 0, 1, 1, 0, 1, 1, 1, 1, 1, 0, 1, 0, 0, 0]"
data_6aa7930a,"[-0.1730511486530304, -0.40154531598091125, -0.6200819611549377, -1.6246448755264282, -0.2953963577747345, -0.253810316324234, -0.682706356048584, -0.7913352847099304, -0.4445061683654785, -0.9749412536621094, -0.6368153691291809, -0.028540927916765213, -0.07667676359415054, -0.3474944233894348, -1.171399712562561, -0.21590633690357208, 0.04042698070406914, -0.0439537838101387, -0.28764232993125916, -0.060001835227012634, -0.37051886320114136, -0.3579423427581787, -1.00798499584198, -0.6913284063339233, -0.7424848675727844, -0.562426745891571, -0.5160051584243774, -0.38569122552871704, -0.9648492336273193, -0.33745428919792175, -0.3822607398033142, -0.9718049764633179, 0.054254308342933655, -0.7800034880638123, -0.5461810827255249, -0.09804074466228485, -0.5477237701416016, -0.4330308437347412, -0.40925976634025574, -0.46167463064193726, -0.8760419487953186, -0.764487624168396, -0.4977540969848633, -0.19528526067733765, -0.07582180947065353, -1.0023332834243774, -0.7180736064910889, -1.027777075767517, -0.9441225528717041, -0.8026682734489441, -0.5399607419967651, -0.13776350021362305, -0.890060544013977, -0.3111284375190735, 0.04938458651304245, -0.435718297958374, -0.3068430423736572, -0.7439634799957275, -0.9456875324249268, -1.3615158796310425, -0.09131082892417908, -0.4768482446670532, -0.09033957123756409, -0.7176500558853149, 0.06485840678215027, -0.30409741401672363, -0.5642096996307373, -0.37686994671821594, -0.505263090133667, -0.592912495136261, -0.26075324416160583, -0.7148478627204895, -0.25057992339134216, -0.4590851068496704, -0.4218163788318634, -0.6111405491828918, -0.3071953356266022, -0.12286075204610825, -0.43947961926460266, -0.33267009258270264, -0.7350453734397888, -0.3766496777534485, -0.41314083337783813, -0.7546639442443848, -0.12459643185138702, -1.0964163541793823, -0.7389646768569946, -0.281924843788147, -0.6872271299362183, -0.5607878565788269, -0.40483516454696655, -0.5745994448661804, -0.055338144302368164, -0.7467166185379028, -0.7592371106147766, 0.09925594925880432, -0.43379494547843933, -0.2636461853981018, -0.42610597610473633, 0.02095186710357666]","[1, 1, 1, 1, 1, 1, 1, 1, 1]"
data_fb300522,"[0.18524377048015594, -0.6521041393280029, -0.6481442451477051, -0.2803942561149597, -0.7577080726623535, -0.5457931160926819, -0.7144690752029419, 0.06641113758087158, -0.4149555563926697, -0.11932508647441864, -0.17111265659332275, -0.3810765743255615, -0.4178343415260315, -0.020984448492527008, -0.7498109340667725, -0.9983053207397461, -0.6130403280258179, -0.2708158791065216, 0.347956120967865, -0.33561646938323975, 0.504946768283844, -0.8206506967544556, 0.6206485033035278, -0.2828478515148163, -0.2969743311405182, 0.2640873193740845, -1.0625444650650024, -0.6079598069190979, -0.14927412569522858, -0.7401769161224365, -0.24883615970611572, -0.29393327236175537, 0.3894183039665222, -0.28434354066848755, -0.18925613164901733, -0.2657240629196167, -0.5998466610908508, -0.5185604095458984, 0.2496849000453949, -0.5282849073410034, -0.28446221351623535, -0.22741970419883728, -0.08241983503103256, -0.029939481988549232, -0.2377597689628601, -0.8034622669219971, 0.23129130899906158, 0.04337446019053459, 0.12881693243980408, -0.6443444490432739, 0.25376686453819275, -0.5157117247581482, 0.14638754725456238, -0.43789932131767273, -0.18984189629554749, -0.014715483412146568, -0.30171963572502136, 0.08313139528036118, -0.2660277485847473, -0.1547715663909912, -0.7146173715591431, 0.19580549001693726, -0.2434474527835846, -1.0216577053070068, -0.46813303232192993, -0.5684944987297058, -0.7011236548423767, -0.2685292363166809, -0.8445579409599304, 0.16079199314117432, 0.09270147979259491, -0.5756102204322815, 0.2030397355556488, -0.7025167942047119, -0.6289761066436768, -0.08980318158864975, -0.546277642250061, -0.3082813024520874, 0.044135939329862595, -0.48037365078926086, 0.05713954567909241, -0.6339272260665894, -0.23718902468681335, 0.1975526660680771, -0.5969096422195435, -0.349065899848938, 0.41577452421188354, -0.9780818223953247, -0.5121083855628967, -0.16195660829544067, -0.9645278453826904, 0.3181137442588806, 0.09141351282596588, -0.2729262113571167, -0.5852071642875671, -0.012042607180774212, 0.017435040324926376, 0.08052477240562439, -0.5730589628219604, -0.09975925832986832]","[1, 1, 1, 1, 1, 1, 0, 0, 1, 1, 1, 1, 1, 1, 1, 1, 1, 1, 1]"
data_237b765b,"[-0.015082075260579586, -0.0481957346200943, 0.06656326353549957, 0.139702707529068, -0.6968927979469299, -0.08262193202972412, -0.2681550085544586, 0.34783345460891724, 0.11410749703645706, -0.03951433300971985, -0.26620349287986755, -0.2297859489917755, 0.07250823080539703, 0.21623343229293823, 0.2987644076347351, 0.22409385442733765, 0.010287434794008732, -0.21930131316184998, -0.19405898451805115, -0.4674936532974243, -0.1846000999212265, -0.3860052824020386, 0.4884343147277832, 0.4733876585960388, -0.02019859105348587, -0.2091466337442398, 0.1702861487865448, 0.1591690182685852, 0.38142484426498413, -0.36218732595443726, 0.22624571621418, 0.037576355040073395, 0.27856555581092834, -0.47277992963790894, 0.1749606430530548, 0.20107311010360718, -0.06720641255378723, 0.19371795654296875, -0.2433987706899643, -0.23237928748130798, -0.44424551725387573, 0.14953669905662537, 0.40570956468582153, 0.03387477248907089, -0.2793298363685608, 0.010240605100989342, -0.3983384370803833, 0.17406874895095825, -0.569792628288269, -0.5428599715232849, 0.0033158643636852503, 0.04593139886856079, 0.14667457342147827, 0.2758175730705261, 0.029265865683555603, 0.10187536478042603, 0.024768661707639694, 0.37165555357933044, 0.07718992978334427, 0.42996111512184143, -0.6052818298339844, -0.30945152044296265, -0.5524779558181763, -0.5442773103713989, -0.04549668729305267, -0.5426216721534729, 0.2163897007703781, -0.3864094316959381, -0.423202246427536, -0.7269521951675415, 0.33800962567329407, 0.2092050462961197, 0.02570876106619835, -0.06684508174657822, 0.08546372503042221, 0.01247402373701334, 0.24281463027000427, -0.32319048047065735, 0.25895193219184875, 0.13528548181056976, -0.47012776136398315, -0.18358075618743896, 0.17001193761825562, 0.09966853260993958, 0.19117996096611023, 0.3763624429702759, -0.568248987197876, 0.25548431277275085, 0.11169351637363434, 0.0294661745429039, -0.025077126920223236, 0.20706339180469513, 0.6309031844139099, -0.05185052752494812, -0.07628964632749557, 0.4764648675918579, 0.22924242913722992, 0.2598682940006256, 0.29895085096359253, -0.254616916179657]","[1, 1, 1, 1, 1, 0, 1, 0, 1, 1, 1, 1, 0, 1, 0, 0, 1, 0, 1]"
data_c3cf64ac,"[-0.40055719017982483, -0.007796357851475477, -0.3087078630924225, -0.09249477833509445, -0.6040793657302856, -0.3120917081832886, 0.10217119753360748, 0.4409503638744354, 0.12771861255168915, 0.0761944055557251, 0.5066173076629639, -0.11356672644615173, 0.1556549221277237, 0.15039953589439392, -0.10079550743103027, 0.19555924832820892, -0.3872685134410858, -0.0299681443721056, 0.27711251378059387, -0.3582921028137207, 0.1490062177181244, 0.7542194128036499, -0.18094627559185028, -0.3804706931114197, 0.08293019235134125, 0.44715583324432373, 0.003998256288468838, -0.013631872832775116, -0.6839799880981445, 0.18060719966888428, 0.4093371629714966, 0.07951131463050842, 0.03286948800086975, -0.13614563643932343, 0.051293324679136276, -0.5946261882781982, 0.1675996333360672, 0.40419504046440125, 0.2216700166463852, -0.21057534217834473, -0.06117701530456543, 0.398520290851593, 0.1774461269378662, -0.20289021730422974, -0.0002249495591968298, 0.12338307499885559, 0.37740689516067505, -0.19224198162555695, 0.35650634765625, 0.07482048869132996, -0.0970463752746582, 0.01461401954293251, -0.4364381432533264, 0.16909673810005188, 0.11347119510173798, 0.21301469206809998, 0.163388192653656, 0.37050092220306396, -0.12633758783340454, 0.1799292266368866, -0.09309367090463638, 0.3198845088481903, -0.4021526575088501, -0.32143479585647583, -0.013765029609203339, -0.6791787147521973, 0.0806683823466301, -0.10967877507209778, 0.3527115285396576, -0.47340327501296997, 0.05230164900422096, 0.15988892316818237, -0.2253592312335968, -0.4934646189212799, -0.08630362898111343, 0.20618577301502228, 0.3619610667228699, 0.1207529753446579, -0.2892181873321533, 0.07879215478897095, 0.14532247185707092, -0.012739477679133415, -0.08871148526668549, 0.18644115328788757, -0.16664347052574158, -0.14766615629196167, 0.028359655290842056, -0.11657650768756866, 0.29007673263549805, 0.07234537601470947, -0.07802239060401917, 0.007889078930020332, 0.16815181076526642, -0.6933878660202026, 0.2037370204925537, 0.2785190939903259, -0.026350656524300575, 0.015088407322764397, 0.11722300201654434, -0.681898832321167]","[1, 1, 1, 1, 1, 1, 1, 1, 0]"
data_8ab906b9,"[0.9072354435920715, 0.910742998123169, 0.9670082926750183, 0.8555459380149841, 0.7558674812316895, 0.8100470304489136, 1.231113314628601, 0.8024865388870239, 0.6424070000648499, 1.6357362270355225, 0.8074775338172913, 1.0993852615356445, 0.8750357627868652, 0.6675111055374146, 0.8568926453590393, 1.3437312841415405, 1.7740974426269531, 0.8269854187965393, 0.6616417765617371, 1.6378328800201416, 0.8602085113525391, 0.7531269788742065, 0.4827420711517334, 0.5696524977684021, 0.8641759157180786, 1.3167206048965454, 1.0366871356964111, 0.9366512894630432, 0.6396874189376831, 0.9537945985794067, 0.7000325918197632, 0.6778752207756042, 0.7010369896888733, 0.7046723365783691, 0.5819846987724304, 0.6991249322891235, 0.8947986364364624, 0.799643337726593, 1.078235387802124, 0.8058530688285828, 1.2392468452453613, 0.9101457595825195, 1.5340142250061035, 0.9081565141677856, 0.46679937839508057, 0.4962415397167206, 1.347712516784668, 0.616949200630188, 0.689953088760376, 0.8721082210540771, 1.2594587802886963, 0.7351284623146057, 0.7881567478179932, 0.9951744079589844, 0.7940017580986023, 0.6608074903488159, 1.5426278114318848, 0.7605022192001343, 0.8303149938583374, 0.589680016040802, 1.0323811769485474, 0.9846879839897156, 0.7241430282592773, 1.0041754245758057, 0.9792546033859253, 0.832708477973938, 0.9247878193855286, 0.634600043296814, 0.8512918949127197, 0.5532122850418091, 0.9306086897850037, 0.8954120874404907, 0.6336327791213989, 0.9563562870025635, 1.0664615631103516, 1.213572382926941, 0.635619580745697, 0.5878971219062805, 0.5844547152519226, 0.7782894968986511, 1.1359682083129883, 0.9314464330673218, 0.8553974032402039, 0.42430350184440613, 0.44693535566329956, 0.5578302145004272, 1.0060728788375854, 0.7104005813598633, 0.9232903122901917, 0.5870674848556519, 1.5029690265655518, 0.7343034744262695, 0.6403955817222595, 1.2646558284759521, 0.7649694085121155, 0.5974761247634888, 0.5284702777862549, 0.7465091347694397, 0.9751784801483154, 0.6066686511039734]","[1, 0, 0, 1, 1, 0, 1, 1, 0, 1, 1, 1, 0, 1, 0, 0, 1, 1, 0]"
data_3d6b1725,"[0.27426934242248535, 0.029395198449492455, -0.11569935083389282, -0.21766555309295654, 0.40703192353248596, -0.6619710326194763, 0.38801106810569763, 0.18107718229293823, -0.1267799437046051, -0.08720418065786362, 0.19007308781147003, 0.16222772002220154, -0.24134571850299835, -0.413482666015625, -0.2924574613571167, 0.05322698503732681, -0.17987030744552612, -0.08723098039627075, -0.2742413878440857, 0.04240843653678894, 0.09734882414340973, 0.03274661675095558, -0.08696981519460678, -0.07494062185287476, 0.4728911519050598, 0.14209367334842682, 0.10702738165855408, 0.34036874771118164, -0.15771862864494324, -0.14726154506206512, -0.16528470814228058, 0.16325148940086365, -0.2073182314634323, 0.06269118934869766, -0.42717358469963074, 0.30818670988082886, 0.2504228353500366, -0.0966053158044815, 0.011761240661144257, 0.18620917201042175, 0.21003976464271545, 0.05065055191516876, -0.22787675261497498, -0.716854453086853, -0.05562547594308853, -0.24011492729187012, 0.03223549202084541, -0.19380979239940643, 0.25569432973861694, 0.12584862112998962, -0.09043878316879272, 0.201637864112854, -0.26696062088012695, -0.19980472326278687, -0.1854851245880127, 0.079449862241745, -0.11810804158449173, -0.16434800624847412, 0.015845179557800293, -0.05951925367116928, 0.14628949761390686, -0.5479042530059814, -0.6708870530128479, 0.013779905624687672, -0.11934288591146469, 0.09571967273950577, -0.21077799797058105, -0.07711554318666458, -0.2828673720359802, -0.16566325724124908, 0.15973085165023804, -0.027758873999118805, -0.5047941207885742, -0.19946914911270142, -0.23190978169441223, -0.05063070356845856, 0.0014560301788151264, -0.13929137587547302, 0.1333395540714264, -0.08615393936634064, -0.4138769805431366, 0.3562912344932556, -0.16156841814517975, -0.07008632272481918, -0.23559120297431946, -0.07304797321557999, -0.3125218152999878, -0.14198751747608185, -0.0074064903892576694, -0.2892006039619446, -0.014085418544709682, 0.22343318164348602, -0.1490711122751236, 0.30868491530418396, -0.1151050254702568, -0.43216007947921753, 0.2887357175350189, -0.011917347088456154, 0.18673695623874664, 0.22522060573101044]","[1, 1, 1, 1, 1, 1, 1, 0, 1, 1, 1, 1, 1, 1, 0, 1, 1, 1, 1]"
data_90d3451c,"[0.7391576170921326, 0.9592967629432678, 0.8027822375297546, 0.6541637778282166, 0.9897140264511108, 0.7767903208732605, 0.867524266242981, 0.9831750392913818, 0.9865151643753052, 1.355057716369629, 0.6517118215560913, 0.5861309766769409, 0.9918538331985474, 1.2229373455047607, 0.9250181317329407, 0.8294837474822998, 0.9582563638687134, 0.8228952884674072, 0.9154071807861328, 0.6915032863616943, 0.925318717956543, 0.7750635147094727, 0.8509033918380737, 0.7178786396980286, 1.0594909191131592, 1.0173773765563965, 0.9843385815620422, 0.7087039351463318, 1.1842718124389648, 1.1762974262237549, 0.8682918548583984, 0.6732168197631836, 0.8726702928543091, 0.7071278095245361, 0.8958353996276855, 0.7204692959785461, 0.7193166017532349, 1.4043383598327637, 0.9402843117713928, 0.9701106548309326, 1.1041547060012817, 0.6693617701530457, 0.7275967597961426, 1.0376973152160645, 0.9458154439926147, 1.0926799774169922, 0.9598718881607056, 0.6958386898040771, 0.9789385795593262, 0.8716851472854614, 0.8377629518508911, 0.890946626663208, 0.8141806721687317, 0.759199857711792, 0.5918121337890625, 1.2129061222076416, 1.2693839073181152, 0.7819475531578064, 0.8989335298538208, 1.138331651687622, 0.695132315158844, 0.5402288436889648, 0.9369091987609863, 0.6571499705314636, 1.0279219150543213, 0.6383501291275024, 0.8462097644805908, 0.6294259428977966, 0.7344123125076294, 1.2310594320297241, 1.2088627815246582, 0.8938027620315552, 0.8874440789222717, 0.9433306455612183, 1.037142038345337, 1.0025370121002197, 1.1371344327926636, 1.0896557569503784, 0.8327949047088623, 1.1487195491790771, 0.6437165141105652, 0.8785302639007568, 0.9098982214927673, 0.8276306390762329, 1.205105185508728, 0.7834632992744446, 0.768713116645813, 1.0933418273925781, 0.711547315120697, 1.0532492399215698, 0.7293304204940796, 0.7558209896087646, 0.9641510844230652, 0.7740253210067749, 1.01498544216156, 1.108597755432129, 0.7738184928894043, 0.6027976274490356, 0.7004787921905518, 0.7555035352706909]","[1, 0, 1, 0, 1, 0, 0, 0, 1, 1, 1, 0, 1, 0, 0, 1, 1, 0, 0]"
data_0c44724b,"[0.7921670079231262, 0.7125593423843384, 0.5854713916778564, 0.775341272354126, 0.5286514759063721, -0.05898241326212883, 0.7629569172859192, 0.8683143854141235, 0.4523860812187195, 0.7245522737503052, 0.4091518223285675, -0.16153496503829956, 0.09608734399080276, 0.6147980093955994, 0.8869738578796387, 0.49087461829185486, 0.5508974194526672, 0.38378000259399414, 0.27008241415023804, 0.171000137925148, 0.7143816947937012, 0.2419111430644989, 0.23696449398994446, 0.6407611966133118, 0.893377423286438, 0.664581298828125, -0.005081025883555412, 0.363095223903656, 0.3707088232040405, 0.8524212837219238, 0.191476970911026, -0.014805657789111137, 0.7123209238052368, 0.5525600910186768, 0.8273332715034485, 0.8904894590377808, 0.2689674198627472, 0.5677798390388489, 0.46828991174697876, -0.1937406063079834, 0.47225162386894226, 0.7083179950714111, 0.8463358283042908, 0.2410866767168045, 0.4482739567756653, 0.9363343715667725, 0.3251359760761261, 0.21716612577438354, 0.09018506109714508, 0.8977136015892029, 0.19211852550506592, 0.483207643032074, 0.2313443273305893, 0.350218802690506, 0.8953758478164673, 0.9509907364845276, 0.32093870639801025, 0.34438759088516235, 0.8228760957717896, 0.08375926315784454, 0.45452457666397095, 0.7931427955627441, 0.8442962765693665, -0.3241961598396301, 0.43435198068618774, 0.8356465101242065, 0.4363430142402649, 0.18397705256938934, 0.4576312303543091, 0.4917498528957367, 0.2604105472564697, 0.07577601075172424, 1.0423755645751953, 0.16806374490261078, 0.6822319030761719, 0.6688247919082642, -0.05603416636586189, 0.5737227201461792, 0.2708474397659302, -0.06614867597818375, 0.5250956416130066, 0.5676257610321045, 0.6059511303901672, 0.169254869222641, -0.15441188216209412, 0.8329449892044067, 0.13667809963226318, -0.5660066604614258, 0.8012591600418091, 0.46542787551879883, 0.46643179655075073, 0.5824205279350281, 0.6535471081733704, 0.45074188709259033, 0.3261553645133972, 0.3989172577857971, 1.1877460479736328, 0.6570068597793579, 0.3245662450790405, 1.1558040380477905]","[1, 1, 1, 0, 1, 1, 1, 1, 1, 1, 1, 1, 1, 1, 1, 0, 1, 1, 1]"
data_58daa4a7,"[0.7721819281578064, -0.8452013731002808, 0.20881932973861694, -0.8065418601036072, -0.16059936583042145, -1.184562087059021, -0.4092363715171814, -0.6790329217910767, 0.7059330940246582, -0.1360461264848709, 0.7729427218437195, 0.14440660178661346, 0.7051079273223877, -0.20083606243133545, 0.16221442818641663, 0.03495747596025467, 0.4146411418914795, 0.4780377745628357, -0.346204549074173, 0.07813526690006256, 1.196974277496338, -0.3601143956184387, -0.22960378229618073, 1.1732853651046753, 0.5975900292396545, 0.6289269328117371, 1.297118067741394, -1.22048819065094, 0.14968380331993103, 0.850890576839447, -0.28237003087997437, 0.9560679793357849, 1.0684055089950562, 0.3483181595802307, 0.8182681798934937, -0.07325050979852676, -1.569707989692688, 0.43430373072624207, -0.32448476552963257, -0.5029986500740051, 1.2478218078613281, 0.4306156039237976, -1.1289379596710205, 0.2575445771217346, -1.223921298980713, -0.8656873106956482, -0.4494776725769043, -0.0634775310754776, 0.5662261843681335, -0.31659042835235596, 1.7731668949127197, 1.7748255729675293, 0.8259156942367554, 1.0338811874389648, 1.294144868850708, 0.9383182525634766, 1.7098050117492676, 0.15346881747245789, -0.28715842962265015, -0.11626279354095459, 1.8110942840576172, -0.3780853748321533, 0.5541636347770691, 0.3962843418121338, 0.4054446816444397, 0.1883336901664734, -0.3486533463001251, 1.4845783710479736, -0.32448291778564453, 0.8187227249145508, 0.31082090735435486, -0.3363173007965088, -1.256765604019165, -0.5234764814376831, 0.6689925193786621, -0.3703116774559021, -0.716087818145752, 0.8306044340133667, -0.4506516754627228, 1.1517220735549927, -0.5989177227020264, 0.4250013530254364, -0.9765199422836304, -0.23545192182064056, 0.5210091471672058, -0.30621856451034546, -0.8419543504714966, 0.29771631956100464, 0.09716150909662247, 0.2454807013273239, -0.577133297920227, 0.650400698184967, -0.6033047437667847, 0.47937965393066406, -0.42901045083999634, -0.10062909871339798, 0.8823930025100708, -0.535193145275116, 0.7525933384895325, -0.9733868837356567]","[1, 1, 1, 1, 1, 1, 1, 0, 0, 1, 0, 1, 0, 0, 0, 0, 0, 0, 1]"
data_2f2a2b29,"[0.07160605490207672, -0.17897570133209229, -0.08397118747234344, -0.05832329019904137, -0.20721177756786346, 0.10300616919994354, -0.11441405117511749, -0.2171313315629959, -0.2291325032711029, -0.1562146544456482, 0.3312048316001892, -0.12021075189113617, -0.1736462414264679, -0.15122759342193604, 0.15282107889652252, -0.0806054174900055, 0.35574597120285034, -0.1800597906112671, 0.12343381345272064, 0.5354278087615967, -0.2673150897026062, -0.18914887309074402, -0.4539197087287903, -0.3338533639907837, -0.14178550243377686, 0.04473179578781128, 0.3704223334789276, -0.17350873351097107, -0.17075301706790924, 0.2844100594520569, 0.0629398375749588, 0.28227314352989197, 0.010528821498155594, -0.14485663175582886, -0.013259673491120338, -0.16902393102645874, -0.3163287043571472, -0.1164848655462265, -0.13122981786727905, -0.1107710674405098, 0.030793463811278343, 0.09558805823326111, 0.17120522260665894, 0.06927751004695892, -0.29383188486099243, 0.5106221437454224, -0.0735684409737587, 0.010599495843052864, 0.04843469336628914, 0.0840202122926712, -0.002866676077246666, 0.16595079004764557, 0.09950809180736542, 0.15448205173015594, -0.15097787976264954, -0.14864298701286316, -0.07185886800289154, 0.03463396430015564, -0.28280848264694214, -0.23228812217712402, 0.22319859266281128, -0.1109561026096344, 0.41065433621406555, -0.002531093545258045, -0.15706902742385864, -0.26027143001556396, -0.3444359600543976, 0.005880932789295912, 0.06308744847774506, -0.10668325424194336, -0.20521022379398346, 0.25093793869018555, 0.4816502630710602, 0.023230470716953278, 0.11088873445987701, -0.10569820553064346, -0.0909232348203659, -0.08431102335453033, -0.24813657999038696, 0.2751850187778473, 0.2635001540184021, -0.17588192224502563, -0.11292660236358643, -0.0986943244934082, -0.001319296658039093, 0.1904754936695099, 0.10053980350494385, -0.11250093579292297, -0.16918540000915527, -0.06039656326174736, -0.10663031041622162, -0.11328379809856415, -0.07432075589895248, 0.010948555544018745, -0.10681476444005966, -0.21276062726974487, -0.09502226114273071, 0.02030092664062977, -0.288823664188385, -0.10646474361419678]","[1, 1, 1, 1, 1, 1, 1, 1, 0]"
data_0b0dd85a,"[0.01653388701379299, 0.08862772583961487, -0.07286051660776138, -0.48663613200187683, 0.22503726184368134, 0.01536545529961586, -0.15279489755630493, 0.2160167694091797, -0.05004573240876198, -0.23740115761756897, 0.1317286491394043, -0.4275303781032562, 0.10137609392404556, -0.22717690467834473, -0.40135660767555237, -0.42010605335235596, 0.05797509104013443, -0.23742255568504333, -0.22384154796600342, -0.25412580370903015, 0.07188881933689117, 0.482197105884552, 0.16870559751987457, 0.2355615496635437, -0.28411558270454407, -0.11140858381986618, 0.32641300559043884, 0.21409621834754944, -0.3842993378639221, 0.4962473511695862, 0.2596774697303772, 0.4850059151649475, -0.07922417670488358, -0.050236448645591736, 0.046974144876003265, -0.25987350940704346, 0.05355830490589142, -0.3820245563983917, 0.067881740629673, -0.16572445631027222, 0.14325185120105743, -0.3303123712539673, 0.3225550055503845, 0.14805947244167328, -0.02562118135392666, -0.3262980282306671, 0.11384987831115723, -0.009729286655783653, 0.14806687831878662, -0.04270826280117035, 0.11824487894773483, 0.13280445337295532, -0.02088201232254505, -0.23963800072669983, -0.07934314757585526, 0.08221925795078278, -0.015120186842978, 0.04774496331810951, -0.23630495369434357, -0.39247772097587585, -0.22675077617168427, 0.22607581317424774, 0.09316535294055939, 0.12236666679382324, -0.3032393753528595, 0.08133525401353836, 0.004751103930175304, 0.4663756489753723, -0.22535450756549835, -0.2854902446269989, 0.060553763061761856, 0.256150484085083, 0.06871383637189865, 0.39604830741882324, 0.25408729910850525, 0.330620139837265, 0.18126237392425537, -0.18582020699977875, 0.1539900153875351, 0.1935863047838211, -0.2634168863296509, -0.1366613507270813, 0.037532076239585876, 0.2580491304397583, -0.10317882895469666, -0.08835425227880478, 0.06960552930831909, 0.1918131560087204, -0.22414733469486237, -0.2573610544204712, 0.0671822652220726, 0.28372490406036377, -0.0898144319653511, 0.17484548687934875, 0.0023773983120918274, 0.18864327669143677, 0.11091762781143188, -0.07192973047494888, 0.12149839103221893, -0.07769550383090973]","[1, 1, 1, 0, 0, 1, 0, 1, 0]"
data_6906c68c,"[-0.11959363520145416, -1.06148099899292, 0.07785085588693619, -1.5193430185317993, -0.3022729754447937, 0.013771030120551586, -0.3611800968647003, -0.5875265598297119, -0.47087740898132324, 0.08181994408369064, 0.2519599199295044, 0.4968664050102234, -0.15877045691013336, -0.4079793393611908, -0.9736407995223999, 0.25748875737190247, 0.1435287594795227, 0.36450499296188354, 0.5526282787322998, -0.03104323148727417, -0.6283309459686279, -0.41890954971313477, 0.7844862937927246, -0.003640805371105671, 0.18976490199565887, 0.24238479137420654, 0.41064292192459106, 0.732991099357605, 0.7239093780517578, 0.21877649426460266, -0.623016357421875, -0.9997931718826294, -1.1109681129455566, 0.20506061613559723, -0.9255645275115967, 0.7868697643280029, 0.6684967279434204, -0.8871511816978455, 0.670549750328064, 0.10281594097614288, 0.7419810891151428, -0.5923312306404114, 0.8472778797149658, -0.4353553056716919, -0.023392589762806892, 0.09902066737413406, 0.06506720185279846, 0.4170153737068176, -0.6007969379425049, 0.9142205715179443, 0.25801846385002136, -0.5329436659812927, -0.0986122339963913, -0.2417900413274765, -1.1909698247909546, 0.46812930703163147, -0.6919735670089722, 0.22995135188102722, -0.44242340326309204, -1.1902891397476196, 0.26190057396888733, 0.04048226773738861, 0.2427942454814911, 0.011313538998365402, -0.8451242446899414, -0.058662861585617065, -0.36479854583740234, -0.782839834690094, 0.3101891577243805, 0.22051787376403809, -0.6712402105331421, 0.22167405486106873, 0.0071397023275494576, 0.41340070962905884, -0.3866700530052185, 0.06431245803833008, 0.3541656732559204, 0.2108684778213501, -0.265727162361145, 0.4321378171443939, 0.1902131736278534, 0.7454792261123657, 0.2286548614501953, -0.8229135274887085, -0.9218753576278687, 0.8171296119689941, -0.1105937734246254, -0.159434512257576, 0.10289765894412994, -0.4586372375488281, 0.47941848635673523, -0.7840803861618042, 0.07016853988170624, 0.11250007897615433, 1.3201770782470703, 0.49658411741256714, 0.30123966932296753, -0.5291963815689087, 0.6753147840499878, 0.1476512849330902]","[1, 1, 1, 1, 0, 1, 0, 1, 0]"
data_af1a292c,"[0.9956812262535095, 0.9978122711181641, 0.995266318321228, 0.9931237697601318, 1.000361442565918, 0.9890373945236206, 1.0012861490249634, 0.9986185431480408, 1.0005552768707275, 0.9960988759994507, 0.9958068132400513, 0.9987803101539612, 0.9955371618270874, 0.9975784420967102, 1.0028996467590332, 1.0002508163452148, 0.9957443475723267, 0.9951555728912354, 0.9986974000930786, 0.996979832649231, 0.9987725019454956, 0.9952377676963806, 0.9939137101173401, 0.9984683394432068, 0.9972631335258484, 0.9930520057678223, 0.9964340925216675, 0.9982045888900757, 0.9949410557746887, 0.9988881349563599, 0.9949613809585571, 0.9992340803146362, 0.9996010065078735, 0.998875081539154, 1.0000383853912354, 1.0001024007797241, 0.9899437427520752, 1.0019184350967407, 0.9942158460617065, 0.995015561580658, 0.9964461922645569, 0.9993448257446289, 0.9966176152229309, 0.998534083366394, 0.9981430768966675, 1.0025008916854858, 0.9987189769744873, 1.0005396604537964, 0.9959267377853394, 0.9994701147079468, 0.9986911416053772, 0.9934555888175964, 1.0021716356277466, 0.9976942539215088, 0.9979270696640015, 1.0001412630081177, 0.9968820810317993, 0.9961663484573364, 1.0012502670288086, 0.9990094304084778, 0.9988301992416382, 0.9936564564704895, 0.9961299896240234, 0.9984315633773804, 0.9994713068008423, 1.0018458366394043, 1.00111985206604, 1.0009433031082153, 0.9976277351379395, 0.9972321391105652, 0.997700572013855, 0.9996016025543213, 0.9961183071136475, 0.9954740405082703, 1.0012441873550415, 0.992146909236908, 0.9994194507598877, 0.9973465204238892, 0.9963038563728333, 0.9956586360931396, 0.9968347549438477, 0.999005913734436, 0.9981780052185059, 1.0025361776351929, 0.999391496181488, 0.9950287342071533, 0.9996305108070374, 0.9990936517715454, 0.9927512407302856, 0.9946911931037903, 0.9948822259902954, 0.9981145262718201, 0.9992406964302063, 1.0006744861602783, 0.9970281720161438, 0.9995266199111938, 0.9969947934150696, 0.991826593875885, 0.9935091137886047, 0.9933587908744812]","[0, 1, 1, 0, 0, 1, 0, 1, 0]"
data_0a124e2e,"[0.14006581902503967, -0.3431287109851837, 0.12720270454883575, 0.0859827995300293, -0.46367862820625305, -0.15643633902072906, -0.15347564220428467, -0.43985992670059204, 0.6188023686408997, -0.094392329454422, -0.579028308391571, 0.16783574223518372, 0.09435322880744934, 0.26671284437179565, 0.024527350440621376, 0.570837140083313, -0.1658094823360443, 0.1617882251739502, -0.028619689866900444, -0.6477725505828857, 0.28057625889778137, -0.3493748605251312, -0.18852315843105316, -0.19487226009368896, -0.7703734636306763, -0.053806908428668976, 0.41192904114723206, 0.13818196952342987, -0.385090172290802, 0.5449432730674744, 0.1749914437532425, -0.4700208902359009, 0.1740097999572754, 0.28841882944107056, -0.7861854434013367, -0.4219590425491333, -0.008300323970615864, -0.7402763366699219, 0.09968724846839905, -0.23005440831184387, -0.9648061990737915, 0.02434556744992733, -0.06382139027118683, -0.3180253207683563, -0.002123498823493719, 0.2473142445087433, -0.44517040252685547, -0.19586482644081116, 0.43698030710220337, 0.1765589714050293, 0.23669379949569702, -0.5909820199012756, -0.3359527885913849, 0.32942718267440796, 0.18304264545440674, 0.04416319355368614, 0.06257956475019455, 0.23432070016860962, -0.6033884286880493, 0.08801788836717606, 0.16232362389564514, 0.24124214053153992, -0.34122753143310547, 0.5347092151641846, -0.03614484518766403, -0.08456636965274811, -0.17741996049880981, -0.34784746170043945, -0.35898175835609436, 0.020616455003619194, 0.50606369972229, -0.4663822650909424, -0.5467330813407898, -0.4153060019016266, 0.02819782681763172, 0.3020569086074829, -0.25181081891059875, -0.45009422302246094, 0.4347813129425049, 0.23734188079833984, 0.4413794279098511, 0.1979934424161911, -0.4988706409931183, 0.12602946162223816, 0.18162614107131958, 0.15306833386421204, -0.19933408498764038, -0.24925698339939117, -0.7229052782058716, 0.1455192118883133, -0.2126634269952774, 0.24400341510772705, 0.338972806930542, -0.1067008301615715, -0.10875849425792694, 0.6805744171142578, -0.2084885835647583, 0.5885863900184631, -0.0762493759393692, -0.09587294608354568]","[1, 0, 0, 1, 1, 0, 1, 1, 0, 1, 1, 1, 0, 1, 0, 0, 1, 0, 0]"
data_1215988b,"[0.06581616401672363, -0.1872285008430481, 0.2180967628955841, -0.0965971052646637, -0.14351260662078857, 0.11367034167051315, -0.009380554780364037, 0.18351992964744568, 0.21890336275100708, 0.05233803763985634, -0.08149032294750214, 0.10968321561813354, -0.26685139536857605, -0.019798828288912773, -0.1564239263534546, -0.17086516320705414, 0.19197985529899597, 0.47028765082359314, 0.3300502300262451, -0.14081604778766632, 0.04435871168971062, 0.034327432513237, 0.22553867101669312, 0.17944851517677307, 0.04162989556789398, -0.06920516490936279, 0.05196060985326767, 0.3868067264556885, 0.28128379583358765, -0.07734347879886627, 0.23873160779476166, -0.04571996629238129, -0.12567397952079773, -0.09117834270000458, 0.11382066458463669, 0.4241958260536194, -0.008974732831120491, -0.08520154654979706, -0.2348434329032898, 0.07948413491249084, -0.011394566856324673, 0.11368463933467865, -0.12201613187789917, 0.25160056352615356, -0.09233580529689789, -0.01449202373623848, 0.01889677904546261, -0.07913753390312195, -0.026498490944504738, -0.1041785329580307, 0.018207689747214317, 0.1256619393825531, -0.042302992194890976, 0.12738046050071716, 0.09701399505138397, -0.153379887342453, -0.18477275967597961, 0.02773177996277809, -0.07724399864673615, 0.21860454976558685, -0.2419854700565338, 0.24073439836502075, -0.02733861654996872, -0.12578172981739044, 0.14098885655403137, 0.06758995354175568, 0.016028132289648056, 0.1112322136759758, -0.022531459107995033, 0.2916656732559204, 0.00481192022562027, -0.1729205995798111, 0.43723905086517334, -0.18783865869045258, 0.10888045281171799, 0.00292013306170702, 0.09291695058345795, 0.05212738364934921, -0.13355207443237305, -0.09816630929708481, -0.027496259659528732, 0.21092535555362701, 0.2803739905357361, 0.05913051590323448, 0.21927359700202942, -0.1239883154630661, 0.035890478640794754, 0.05206086114048958, 0.3375416398048401, -0.015000815503299236, -0.05202389135956764, 0.018250159919261932, 0.35618388652801514, 0.12347893416881561, 0.18481428921222687, 0.14484861493110657, 0.18465209007263184, 0.06469976902008057, 0.007714556530117989, 0.006346116773784161]","[1, 1, 0, 0, 1, 0, 1, 1, 0, 1, 1, 1, 1, 0, 0, 0, 0, 0, 0]"
data_06a36790,"[0.021469082683324814, 0.28887057304382324, -0.27886584401130676, -1.332463026046753, 0.565840482711792, -0.21712225675582886, -0.20385007560253143, 0.6778083443641663, -0.26652097702026367, -0.4771968126296997, 0.6051512360572815, -1.104875922203064, 0.27088046073913574, -0.4715365767478943, -1.0297788381576538, -0.9670754671096802, 0.1821315735578537, -0.4510931074619293, -0.6262443661689758, -0.5427244901657104, 0.1863642930984497, 0.6574093103408813, 0.44235363602638245, 0.645018458366394, -0.6555480360984802, -0.6337674260139465, 0.7138497829437256, 0.5354117155075073, -0.8617440462112427, 0.6281999349594116, 0.36498770117759705, 0.9737510681152344, -0.08667125552892685, 0.10038506239652634, 0.25855132937431335, -0.4718868136405945, 0.22100019454956055, -1.042832612991333, -0.0035779401659965515, -0.45099812746047974, 0.4343930780887604, -0.6521846652030945, 0.9002445936203003, 0.5013003945350647, -0.0012601721100509167, -0.8761847019195557, 0.3210676908493042, -0.10213512182235718, 0.2587011754512787, -0.19453077018260956, 0.32081133127212524, 0.37364819645881653, 0.020834598690271378, -0.5461772680282593, -0.17530903220176697, 0.18612191081047058, 0.09766627848148346, 0.09456399828195572, -0.5491912961006165, -0.8242897391319275, -0.6680966019630432, 0.24028000235557556, 0.22727534174919128, 0.19361552596092224, -0.48062407970428467, -0.0011106012389063835, 0.17090439796447754, 0.49651581048965454, -0.4219386875629425, -0.8267490863800049, -0.041224367916584015, 0.687142550945282, 0.27670878171920776, 0.8810508847236633, 0.5257154703140259, 0.8189061880111694, 0.22113245725631714, -0.5902947783470154, 0.5040625929832458, 0.48288577795028687, -0.6557199954986572, -0.3466569185256958, -0.06306810677051544, 0.5129894614219666, -0.09411666542291641, 0.006696254014968872, 0.08793866634368896, 0.16367125511169434, -0.4343072175979614, -0.40574008226394653, -0.1129421666264534, 0.4144774079322815, -0.02456315979361534, 0.45005208253860474, 0.18943102657794952, 0.5390743613243103, 0.3016141951084137, -0.3630692958831787, 0.3010410964488983, -0.16812823712825775]","[1, 1, 1, 0, 1, 1, 0, 1, 0]"
data_a0bb4e9b,"[-1.4444023370742798, -0.7495582103729248, -0.8318012952804565, 0.1858663409948349, -0.16715660691261292, -0.5600084066390991, -0.021458841860294342, -0.5359174013137817, -0.6805480122566223, -0.15570540726184845, -0.6782892942428589, -1.2561625242233276, 0.5449758768081665, -0.8191683888435364, 0.5862464308738708, 0.09393279999494553, 0.7567639946937561, -1.1658560037612915, -0.10093772411346436, 0.5938869118690491, 0.018400492146611214, 0.38968491554260254, 1.308843731880188, 0.20864439010620117, 0.5397641062736511, -1.2558964490890503, 0.6060229539871216, -0.41587746143341064, 0.030963879078626633, 0.4704671800136566, -0.7765257358551025, -0.5096588134765625, -0.03163560479879379, -1.2767351865768433, -0.2029377520084381, 0.958128809928894, -0.3244463801383972, -0.5554673671722412, -0.5840341448783875, -0.24921384453773499, -0.5166682600975037, -0.4491461217403412, -0.32549580931663513, 0.3102080523967743, 0.6822807192802429, 0.3031659424304962, -1.833451271057129, 0.19201140105724335, 0.34689784049987793, 0.8766144514083862, -1.1853747367858887, 1.200545072555542, -1.1698884963989258, -1.8573148250579834, 0.2770578861236572, -0.7867803573608398, -0.23360146582126617, 0.585431694984436, -0.4638064503669739, -0.457023948431015, 1.5191407203674316, -1.15022611618042, -0.49861910939216614, -0.116903156042099, -0.34704408049583435, 0.6723178029060364, -0.9479062557220459, 0.30764156579971313, -0.5847190618515015, -0.718739926815033, 0.3831465542316437, 1.7792086601257324, 0.7226186394691467, -0.14719876646995544, -0.2042987048625946, 0.4759695529937744, 1.829095721244812, -0.30135905742645264, 0.27131909132003784, 0.8431917428970337, -1.0914174318313599, 0.6132247447967529, -0.37270215153694153, -0.7878286838531494, 0.7937141060829163, -1.6056292057037354, -0.643078625202179, 0.03760218247771263, 1.0241955518722534, 1.067436695098877, -0.4486491084098816, -0.8812259435653687, -1.591333031654358, 2.0461764335632324, 0.29383400082588196, -0.09784343838691711, 0.45776259899139404, -0.16141179203987122, -1.2695924043655396, 0.7440320253372192]","[0, 1, 0, 1, 1, 1, 1, 1, 1, 0, 1, 1, 0, 1, 1, 1, 1, 1, 1]"
data_629fb309,"[-0.426212877035141, -0.20560935139656067, -0.5478506684303284, 0.10378685593605042, -0.1464572250843048, -0.4545309543609619, -0.5486447215080261, -0.5237711668014526, -0.2641713619232178, -0.04934181272983551, -0.6497800350189209, 0.08000412583351135, -0.39890366792678833, -0.8052571415901184, -0.14081262052059174, -0.7680809497833252, -0.1345595121383667, -0.4307817816734314, -0.4989430904388428, -0.3945944011211395, -0.48782026767730713, -0.4568764865398407, -0.43568456172943115, -0.015453005209565163, -0.45199376344680786, -0.6182223558425903, -0.644806981086731, -0.9064648151397705, -0.06089366227388382, 0.055658288300037384, -0.32082170248031616, -0.28246259689331055, -0.27815431356430054, -0.625760555267334, -0.17137858271598816, -0.3661781847476959, -0.36456361413002014, -0.131144717335701, -0.18420034646987915, -0.1162022054195404, -0.19596241414546967, 0.4629651606082916, -0.5823609828948975, -0.16240644454956055, -0.12836326658725739, -0.24412775039672852, -0.7478583455085754, -0.2543047070503235, -0.5994948148727417, -0.3237558603286743, -0.06405267119407654, -0.06420344114303589, -0.3131406009197235, -0.042853210121393204, -0.3931892514228821, 0.13872337341308594, -0.6340619325637817, -0.8366843461990356, -0.19623003900051117, -0.6164571046829224, -0.14958727359771729, -0.13796602189540863, -0.416256308555603, 0.17115885019302368, 0.22499828040599823, -0.3909769058227539, -0.3767836093902588, -0.45810478925704956, 0.08917604386806488, -0.6833727359771729, 0.22517655789852142, -0.28050699830055237, -0.061323121190071106, -0.3506767749786377, -0.5257144570350647, -0.31438395380973816, -0.2492961287498474, -0.17030833661556244, -0.14438024163246155, -0.26988840103149414, 0.1616644263267517, -0.11185014247894287, -0.4697497487068176, -0.1786639392375946, 0.03212544694542885, -0.2697964906692505, -0.5133651494979858, -0.22544123232364655, -0.7999075651168823, -0.4040544927120209, -0.09050434827804565, -0.03337305411696434, -0.37343651056289673, -0.4016094207763672, 0.1725964993238449, -0.5592681169509888, -0.7709572315216064, -0.8969947099685669, -0.3443213701248169, -0.6023430824279785]","[1, 1, 1, 1, 1, 1, 0, 1, 0]"
data_a348ec23,"[0.06655099987983704, 0.25148338079452515, 0.20542341470718384, 0.14315831661224365, 0.008675215765833855, -0.10619858652353287, 0.11773643642663956, 0.2987059950828552, 0.13080808520317078, -0.0512116365134716, 0.26294487714767456, 0.2753031551837921, 0.2764774262905121, 0.3441215753555298, 0.140982985496521, 0.10967951267957687, -0.010107613168656826, -0.050070907920598984, 0.032883599400520325, 0.39446479082107544, 0.2644113600254059, 0.42771482467651367, -0.21310237050056458, 0.38996651768684387, 0.2674894630908966, 0.10774733126163483, 0.4313855767250061, 0.3616218864917755, 0.023002004250884056, 0.4058738350868225, 0.1346004158258438, -0.006621331907808781, -0.154018834233284, 0.33410394191741943, -0.06563762575387955, -0.08777488768100739, 0.13990440964698792, 0.18139991164207458, 0.012406650930643082, 0.07278867065906525, -0.2067851424217224, 0.06388276815414429, 0.053248289972543716, 0.16263361275196075, 0.10447688400745392, 0.36076414585113525, 0.030251678079366684, 0.21184495091438293, 0.09901508688926697, 0.32788529992103577, 0.27953922748565674, 0.2181810885667801, 0.1730111837387085, 0.39393606781959534, 0.23058950901031494, 0.26887500286102295, 0.4519878923892975, -0.08345693349838257, -0.03385469317436218, 0.062235377728939056, 0.3240104913711548, 0.024368392303586006, 0.0634876936674118, 0.343677282333374, 0.2162632942199707, 0.13342183828353882, -0.16680027544498444, -0.05185306444764137, -0.05178968980908394, 0.35812756419181824, 0.2976297438144684, 0.2856849431991577, 0.06651993095874786, 0.498188853263855, -0.06524085998535156, -0.03734777122735977, 0.40947481989860535, 0.16934600472450256, 0.012233331799507141, 0.40451371669769287, 0.17143478989601135, 0.20120544731616974, 0.2441655397415161, 0.17919248342514038, -0.11445470154285431, 0.05893800035119057, 0.47255006432533264, 0.38209354877471924, 0.3029814660549164, 0.18663108348846436, -0.026175305247306824, 0.12856736779212952, 0.1756438910961151, -0.04721918702125549, 0.3077458441257477, 0.21982215344905853, 0.3084639310836792, 0.2994176149368286, 0.3370360732078552, -0.06956657767295837]","[1, 1, 1, 0, 1, 1, 1, 0, 1, 1, 1, 1, 0, 1, 0, 1, 1, 0, 1]"
data_48fe4dcc,"[-0.27875250577926636, -1.2894706726074219, -0.3657948970794678, -1.0586638450622559, -0.8201700448989868, -0.324998140335083, -1.260162591934204, -1.1904819011688232, -1.1033496856689453, -0.5284624695777893, -0.9733020067214966, 0.6883856058120728, -0.6506668329238892, -0.002005130983889103, -0.31912046670913696, -0.22615568339824677, -0.9564818143844604, -0.40953758358955383, -0.2004431188106537, -0.6524173617362976, -0.771941602230072, -0.6104397773742676, -0.12829765677452087, -0.8167725801467896, -0.9229800701141357, -1.1636254787445068, -0.4206232726573944, -0.6710021495819092, -0.284600168466568, -1.1109461784362793, -0.19785800576210022, -0.8137844800949097, -0.8225564956665039, -1.1209636926651, -0.03044179081916809, -0.057534754276275635, -0.4043140411376953, 0.3022390604019165, -1.024430274963379, -0.6180102229118347, 0.27990877628326416, -0.5155258178710938, -0.38732945919036865, -0.11906324326992035, -0.48077070713043213, -0.238995760679245, -1.004310965538025, -0.35946542024612427, 0.020072080194950104, -0.6623804569244385, -0.3567197620868683, -0.6099018454551697, -0.45753055810928345, -0.45304539799690247, -0.5673352479934692, -0.9965074062347412, 0.20079293847084045, -0.566879391670227, -0.38012009859085083, -0.6401935815811157, 0.5894660353660583, -0.24191105365753174, -0.27762702107429504, -0.06488069146871567, -0.13234297931194305, -0.12597687542438507, 0.29669851064682007, -0.16851632297039032, -0.329542875289917, 0.16188815236091614, 0.059871606528759, -1.0139505863189697, -1.009198546409607, 0.07422244548797607, -0.243131622672081, -1.3864775896072388, -0.9597790837287903, -0.017970170825719833, -0.3687795400619507, -1.1123602390289307, -0.7446539402008057, -1.205496072769165, -0.6097782254219055, -0.6568233370780945, -0.0630418211221695, -0.5874404311180115, -1.098392128944397, 0.19657519459724426, -1.116229772567749, -0.16621947288513184, -0.2553292512893677, -0.6999722719192505, -0.19591978192329407, -1.4802451133728027, -0.7946569919586182, -0.618395209312439, -0.10454303026199341, 0.018712516874074936, -0.4235873222351074, -0.4299358129501343]","[1, 1, 1, 0, 1, 0, 1, 0, 1, 1, 1, 0, 0, 1, 1, 0, 1, 0, 1]"
data_f9dc8f14,"[0.026783622801303864, -0.3422434628009796, -0.23370185494422913, -1.0399551391601562, -0.40762779116630554, -0.12259566783905029, -0.4688388705253601, -0.5163528919219971, -0.40517905354499817, -0.4389645755290985, -0.21371978521347046, -0.7272447347640991, -0.053996626287698746, -0.11751405894756317, -0.27350103855133057, -0.6859611868858337, 0.06283411383628845, -0.1577940434217453, -0.5753400325775146, -0.16918838024139404, -0.6575933694839478, -0.5160679817199707, -0.3743132948875427, -0.07741104811429977, -0.2802547812461853, -0.41552746295928955, -0.46176889538764954, -0.6231820583343506, -0.19277095794677734, -0.3882938027381897, -0.8117525577545166, -0.6006667017936707, -0.15134625136852264, -0.39120620489120483, -0.6511637568473816, -0.35847222805023193, -0.1322956532239914, -0.4288596510887146, -0.47603997588157654, -0.35362106561660767, -0.26919519901275635, -0.09236336499452591, -0.6164605021476746, -0.3624371886253357, -0.5035293102264404, -0.6776593923568726, -0.6793429851531982, -0.4966208338737488, -0.2680390477180481, -0.35301581025123596, -0.5873434543609619, -0.20347461104393005, -0.20436811447143555, -0.28566157817840576, -0.26539480686187744, 0.11701488494873047, -0.6887117624282837, -0.8221349120140076, 0.10956890136003494, -0.5036710500717163, -0.4488441050052643, 0.10639407485723495, 0.08400609344244003, -0.27520841360092163, -0.10171663761138916, -0.2334565818309784, -0.38067567348480225, 0.15036234259605408, -0.221954345703125, -0.37007004022598267, -0.4017471671104431, -0.09086250513792038, -0.3924405872821808, -0.15939362347126007, -0.1177242249250412, 0.22492891550064087, -0.4896393418312073, -0.2987866699695587, -0.24215608835220337, -0.38624346256256104, -0.13726359605789185, -0.29171624779701233, -0.08435513079166412, -0.4166509807109833, -0.480255126953125, -0.2872004210948944, -0.47472426295280457, -0.771077036857605, -0.3832176625728607, -0.13638514280319214, 0.18018552660942078, -0.4784548282623291, -0.42097583413124084, -0.3833390474319458, -0.3518362045288086, -0.5250370502471924, -0.13403789699077606, -0.2975872755050659, 0.2752376198768616, 0.5770553350448608]","[1, 1, 1, 1, 1, 1, 1, 1, 0]"
data_15b61c6d,"[0.36923524737358093, 0.01886587217450142, -0.06062011793255806, 0.2697323262691498, -0.1326291412115097, 0.1257096529006958, -0.11704733967781067, -0.06230728328227997, -0.21057942509651184, 0.19452252984046936, -0.5638540983200073, 0.04009561985731125, -0.2417275607585907, 0.051812391728162766, 0.5311464667320251, -0.3324814438819885, -0.5774520039558411, 0.01485028862953186, -0.0491005964577198, 0.39383766055107117, -0.572818398475647, 0.24257084727287292, 0.3103735148906708, 0.37756913900375366, 0.3489299416542053, -0.2743241786956787, -0.23362712562084198, -0.5514786839485168, 0.34034857153892517, -0.6399134397506714, -0.4867405593395233, 0.1701587438583374, -0.12636762857437134, 0.339731365442276, 0.2682935893535614, 0.1781737506389618, 0.3144844174385071, 0.3072456419467926, 0.3986964225769043, -0.3962644040584564, 0.09657876938581467, -0.3017803430557251, 0.18923628330230713, 0.07818545401096344, -0.341582328081131, -0.09299236536026001, -0.15232300758361816, 0.3023741543292999, 0.03758369758725166, -0.04972917214035988, 0.18714462220668793, -0.3404465317726135, -0.012722574174404144, 0.16593918204307556, -0.17647045850753784, -0.33420395851135254, -0.5578537583351135, -0.2497597336769104, 0.5737504959106445, 0.34007108211517334, -0.19069132208824158, -0.4699324667453766, 0.40891730785369873, -0.3358283042907715, 0.04288894683122635, -0.5319169163703918, 0.26577913761138916, -0.5584302544593811, -0.29798927903175354, -0.24480721354484558, -0.030969960615038872, -0.20589137077331543, -0.0027423957362771034, 0.0028733136132359505, 0.1618676483631134, -0.20040273666381836, 0.28561875224113464, 0.034586597234010696, 0.1751038134098053, -0.5350804924964905, 0.504639208316803, 0.332834392786026, -0.2844381332397461, 0.18735361099243164, 0.21461190283298492, -0.4549174904823303, 0.08025123924016953, -0.2644292116165161, -0.27945494651794434, 0.5790543556213379, -0.2464415729045868, -0.4104449450969696, -0.054172925651073456, -0.5608812570571899, 0.07324429601430893, -0.4604107141494751, -0.3247893750667572, -0.5086387991905212, 0.32277825474739075, 0.5458240509033203]","[1, 1, 1, 1, 1, 1, 1, 1, 0, 1, 1, 1, 1, 1, 0, 1, 1, 0, 1]"
data_35d9326b,"[-0.8120365142822266, 0.5742661952972412, -0.22961461544036865, 0.1477673500776291, -0.3725977838039398, 0.1373022496700287, 0.8037927150726318, 0.48698532581329346, -0.16179724037647247, -0.31376397609710693, -0.5293222069740295, 0.5933279991149902, 0.4509330987930298, 0.0018059818539768457, -0.21621662378311157, -0.5992724299430847, 0.3546976149082184, 0.9452791213989258, 0.037161462008953094, 0.08531990647315979, 0.3348919451236725, 0.7900533080101013, -0.2791571319103241, 0.3900773525238037, 0.25689706206321716, -0.38611575961112976, -0.5031774044036865, -0.674837589263916, 0.08369351178407669, 0.28195542097091675, -0.14350584149360657, -0.21275784075260162, -0.21577635407447815, 0.143101304769516, -0.01799226738512516, -0.8023596405982971, -0.04981660097837448, 0.002360587939620018, 0.17755240201950073, -0.15912331640720367, 0.6526004672050476, -0.23984643816947937, -0.46938595175743103, 0.37475889921188354, -0.7431728839874268, -0.14711380004882812, -0.4884554147720337, -0.4470672309398651, 0.38680869340896606, -0.10281230509281158, -0.4544166326522827, 0.1566275954246521, -0.043890245258808136, -0.7093629240989685, 0.2598152458667755, -0.2370363175868988, -0.10797598212957382, 0.4272211492061615, 0.0020166130270808935, -0.11552344262599945, 0.21202205121517181, -0.2826347351074219, -0.8508379459381104, -0.12713992595672607, -0.03551335260272026, 0.22070953249931335, -0.32147830724716187, 0.2508595883846283, 0.44015267491340637, -0.13191814720630646, 0.3752596378326416, 0.6007726192474365, 0.37457606196403503, -0.149128258228302, -0.30143189430236816, 0.14139363169670105, 0.08989667892456055, 0.16634412109851837, 0.2631516754627228, 0.20684559643268585, -0.13437864184379578, 0.4876462519168854, 0.0861503928899765, -1.0758545398712158, 0.6172026991844177, -0.47914016246795654, -0.7241160869598389, 0.14716769754886627, 0.18206149339675903, 0.7752281427383423, 0.022956151515245438, 0.492847204208374, 0.18671897053718567, -0.4562362730503082, -0.034325215965509415, 0.04627687856554985, 0.4598604440689087, 0.009143829345703125, -0.8365718126296997, 0.012480666860938072]","[0, 1, 1, 1, 1, 1, 1, 1, 1]"
data_1bb4ae32,"[-0.02464119717478752, -0.05794399976730347, -0.072415292263031, -0.0883444994688034, 0.2432081699371338, 0.347163587808609, 0.23141518235206604, 0.08795337378978729, 0.10441398620605469, -0.01964458078145981, 0.044379882514476776, -0.11324858665466309, 0.04249054193496704, 0.20897972583770752, -0.1083696186542511, 0.20504574477672577, -0.1475754678249359, -0.18044732511043549, -0.11708994954824448, 0.23078171908855438, 0.22386570274829865, 0.17937800288200378, 0.14990520477294922, 0.09373847395181656, -0.06738860160112381, 0.1590113341808319, 0.15791524946689606, -0.09493264555931091, 0.013502102345228195, -0.074933260679245, -0.030744686722755432, -0.18058118224143982, 0.043873466551303864, 0.042906612157821655, -0.19870226085186005, 0.26323002576828003, 0.2047567069530487, 0.05816890299320221, -0.04144223406910896, -0.07189581543207169, -0.025484299287199974, -0.012032091617584229, -0.08013302832841873, 0.21378928422927856, -0.06933562457561493, 0.08327499777078629, 0.08524899184703827, -0.17740820348262787, 0.11588426679372787, -0.058779750019311905, -0.12475309520959854, -0.038251884281635284, -0.20293787121772766, 0.03151947259902954, 0.14404669404029846, -0.23087680339813232, 0.18860992789268494, -0.14637553691864014, 0.05402731895446777, -0.12966987490653992, -0.059215202927589417, 0.07331949472427368, -0.23319119215011597, 0.04681907594203949, 0.17277376353740692, -0.06639596074819565, -0.033915095031261444, 0.10604286193847656, 0.06041226163506508, 0.11275284737348557, 0.02051539346575737, -0.07102921605110168, -0.018528832122683525, 0.4372687339782715, 0.2412644326686859, -0.14563265442848206, -0.022180885076522827, -0.04246143996715546, 0.11110834777355194, -0.14575225114822388, -0.01345176063477993, 0.05798200145363808, 0.10071039199829102, -0.13424402475357056, -0.04015089571475983, -0.16859905421733856, -0.14278452098369598, 0.0009376141242682934, 0.02107703685760498, 0.1190795749425888, 0.10777734220027924, -0.06913170218467712, -0.17051374912261963, -0.12657693028450012, 0.3231010138988495, -0.07076551020145416, 0.1576126515865326, 0.06691216677427292, 0.2031416893005371, -0.005153494421392679]","[1, 1, 1, 1, 1, 1, 1, 0, 1, 1, 1, 1, 1, 1, 0, 1, 1, 1, 1]"
data_4f36af9c,"[0.40259861946105957, -0.37411731481552124, 0.13076338171958923, 0.2542365491390228, 0.6867372393608093, -0.7266174554824829, 0.7963550090789795, -0.21807357668876648, -0.11903369426727295, -0.34827661514282227, -0.044191259890794754, -3.278302028775215e-05, 0.2532581686973572, 0.7894617319107056, 0.11464499682188034, 0.4321865439414978, 0.7478938698768616, 0.6078659296035767, 0.5149708390235901, -0.7537714242935181, -0.3538910448551178, -0.5677209496498108, -0.11657854914665222, 0.06387538462877274, 0.02768702805042267, -0.07099785655736923, 0.37674927711486816, 0.4696428179740906, 0.6415700912475586, 0.15320372581481934, -0.39234307408332825, 0.027560632675886154, 0.42375442385673523, 0.22500522434711456, 0.26503241062164307, 0.18933221697807312, 0.034374818205833435, 0.21256491541862488, -0.10230936110019684, 0.5640174150466919, 0.406524121761322, 0.17996205389499664, 0.6806288957595825, -0.05037134140729904, 0.7821758985519409, -0.13171280920505524, -0.024780428037047386, -0.1279393881559372, 0.17589518427848816, 0.08403869718313217, 0.2066706418991089, -0.21004782617092133, 0.021946270018815994, -0.07708878815174103, -0.08868181705474854, 0.37242937088012695, 0.5227057933807373, 0.41347935795783997, 0.47860175371170044, 0.2630237340927124, -0.15127788484096527, 0.7254030704498291, 0.05289867892861366, 0.3441503047943115, 0.3795931935310364, 0.7014837861061096, -0.21454870700836182, -0.35791876912117004, -0.2715665400028229, -0.07774104177951813, 0.11410699784755707, -0.22728565335273743, -0.9869736433029175, -0.2956249713897705, -0.3762345016002655, -0.22544488310813904, 0.16675886511802673, 0.3411177098751068, 0.4556933045387268, -0.056190308183431625, -0.5113733410835266, -0.697778582572937, 0.601112425327301, 0.09303414821624756, 0.5508277416229248, 0.15991166234016418, -0.19854846596717834, 0.7447358965873718, 0.14529193937778473, 0.749029278755188, 0.1321386992931366, 0.556708812713623, -0.32860201597213745, 0.08120604604482651, 0.8865182399749756, 0.0067095463164150715, 0.6702619791030884, 0.3267602324485779, 0.19199177622795105, -0.4276984930038452]","[1, 1, 1, 0, 0, 0, 0, 1, 1, 1, 1, 1, 0, 1, 0, 1, 1, 1, 0]"
data_119e910c,"[-0.22210532426834106, -0.14149561524391174, 0.1299215406179428, -0.21945373713970184, 0.024281315505504608, -0.5597003698348999, -0.4014705717563629, -0.3473609685897827, -0.11284592002630234, 0.05520978569984436, -0.02124718204140663, -0.08405091613531113, -0.35385632514953613, 0.011097333393990993, -0.5149131417274475, -0.21619954705238342, -0.19373323023319244, -0.1795348823070526, 0.08497913926839828, -0.3394235074520111, -0.11038827151060104, 0.010498223826289177, -0.3697200417518616, -0.29710090160369873, -0.08476117998361588, -0.0788678526878357, -0.11184629052877426, -0.4500567615032196, 0.28596287965774536, -0.37515711784362793, 0.08508098125457764, -0.03172510862350464, -0.011665633879601955, -0.15854060649871826, -0.3388803005218506, -0.22093985974788666, 0.10058291256427765, -0.2259753942489624, -0.05876285955309868, -0.39580440521240234, -0.3871079683303833, -0.3624916076660156, -0.15695086121559143, 0.36908966302871704, -0.023170296102762222, -0.08158382773399353, -0.2667562663555145, 0.04835648834705353, -0.11543232202529907, -0.5721837282180786, -0.19846808910369873, -0.44165435433387756, -0.17506887018680573, -0.07542108744382858, -0.3254531919956207, -0.09353405237197876, -0.06377647817134857, -0.11312033236026764, 0.0025253519415855408, -0.1675543189048767, -0.09549648314714432, -0.04153047502040863, -0.5421431064605713, 0.18130844831466675, -0.13498803973197937, -0.03207607939839363, -0.3035241663455963, -0.48775529861450195, 0.4260976314544678, 0.04204361140727997, -0.32485324144363403, -0.0626397430896759, -0.3132288455963135, 0.12653733789920807, 0.13708224892616272, -0.3793093264102936, 0.3815406560897827, -0.23653960227966309, -0.19692476093769073, -0.24915115535259247, -0.18595483899116516, -0.36815181374549866, -0.11144784092903137, -0.12907791137695312, -0.4728742241859436, -0.38493669033050537, -0.1570504903793335, -0.4909003973007202, 0.3107490539550781, 0.06210997328162193, -0.43809744715690613, -0.34113407135009766, 0.08882705867290497, -0.42466506361961365, -0.1625567525625229, -0.2944738268852234, -0.3816940486431122, 0.10111849009990692, -0.4085410237312317, -0.030328795313835144]","[1, 1, 1, 1, 1, 1, 1, 1, 1]"
data_07e2c02a,"[-0.14552417397499084, 0.1475314348936081, 0.08258138597011566, 0.025485938414931297, -0.09215957671403885, -0.08384352922439575, 0.013707993552088737, -0.15785840153694153, -0.09888891130685806, -0.03704766556620598, -0.07180307060480118, -0.12888963520526886, -0.16841234266757965, -0.02224832959473133, -0.06315983831882477, 0.159908264875412, -0.024020269513130188, -0.04705280810594559, -0.09871801733970642, -0.1361621469259262, -0.132964089512825, 0.5198149085044861, -0.1749669313430786, -0.16305485367774963, -0.1007247269153595, -0.10226530581712723, 0.05348004773259163, -0.04803959280252457, -0.2165943682193756, -0.04754236713051796, -0.06117572262883186, -0.14212211966514587, 0.020768554881215096, -0.19987429678440094, 0.3057680130004883, -0.04997795447707176, 0.0554802305996418, -0.07995375990867615, -0.08805053681135178, 0.14885467290878296, -0.05743061378598213, -0.16986127197742462, 0.11790336668491364, 0.04958527907729149, 0.5670022964477539, -0.02859095297753811, -0.05236591771245003, -0.08775877207517624, 0.3298102617263794, 0.2045753449201584, 0.0015870379284024239, 0.3399854600429535, -0.0635131299495697, 0.06350620090961456, 0.1463138312101364, -0.0926968902349472, -0.14533482491970062, -0.1537114977836609, -0.1347585916519165, 0.37443816661834717, -0.06733649969100952, -0.06967171281576157, -0.18801350891590118, -0.084522545337677, 0.2831936478614807, -0.05733682960271835, -0.11202407628297806, -0.14710953831672668, 0.2395283579826355, -0.08369576930999756, -0.06759383529424667, 0.06575804948806763, 0.08039209246635437, 0.15196117758750916, -0.09841090440750122, -0.14705204963684082, -0.07722388207912445, -0.09087851643562317, 0.26417893171310425, -0.0890079140663147, -0.15168166160583496, 0.11333686113357544, 0.18656417727470398, 0.1138443648815155, 0.1295570582151413, 0.09637077152729034, -0.05879712477326393, 0.030831661075353622, 0.29148972034454346, -0.06925811618566513, -0.07922648638486862, 0.2775977849960327, -0.20143023133277893, -0.11573299020528793, -0.14083397388458252, -0.1283784657716751, 0.021632272750139236, 0.10517176985740662, 0.1625225692987442, -0.11350120604038239]","[1, 1, 1, 0, 0, 1, 0, 1, 0]"
data_af4e0f00,"[0.25072142481803894, -0.11601756513118744, 0.09908874332904816, -0.2916247248649597, 0.026285378262400627, -0.38338300585746765, 0.02070481702685356, -0.3204682767391205, -0.1735135316848755, -0.394432008266449, 0.3512709438800812, -0.3548833131790161, -0.4187617599964142, 0.21787752211093903, -0.47119593620300293, 0.18549242615699768, -0.007413110695779324, -0.15088167786598206, 0.4135103225708008, 0.08607824146747589, 0.02172570303082466, -0.3884769678115845, 0.46929100155830383, 0.0660734698176384, -0.21559491753578186, -0.22471262514591217, -0.3859784007072449, -0.45574337244033813, -0.6312079429626465, 0.24375712871551514, 0.23543736338615417, 0.41859832406044006, -0.2574560046195984, 0.0279182530939579, -0.16000638902187347, 0.24187079071998596, -0.16696730256080627, -0.21287812292575836, -0.5322741270065308, 0.44462060928344727, 0.16264072060585022, 0.5069382190704346, 0.6637470722198486, -0.006285244598984718, -0.3125455975532532, -0.6929416656494141, 0.16173280775547028, -0.11988227069377899, -0.1747981756925583, -0.038182757794857025, 0.08080485463142395, -0.4461338520050049, -0.18695653975009918, -0.17783212661743164, -0.3657265305519104, -0.18290573358535767, 0.04811849445104599, 0.11701170355081558, -0.3940112590789795, 0.3743141293525696, -0.34917566180229187, -0.24673017859458923, -0.4298018515110016, 0.6046656966209412, -0.040872640907764435, -0.21887287497520447, -0.14145112037658691, -0.041701752692461014, -0.1564985066652298, -0.43557441234588623, -0.09468463808298111, -0.1901291310787201, 0.49324142932891846, 0.15649308264255524, -0.01759912259876728, -0.3038029670715332, -0.2893976867198944, -0.3521918058395386, -0.47234708070755005, 0.008236258290708065, -0.4669046401977539, 0.366946816444397, 0.1556563675403595, 0.1424279510974884, -0.2561553120613098, -0.0014076832449063659, 0.4874451756477356, -0.5529146194458008, -0.13704772293567657, 0.13513866066932678, 0.2042616903781891, -0.5583648085594177, -0.09972605109214783, 0.4383660554885864, 0.14509998261928558, -0.14257307350635529, 0.519932746887207, -0.33003684878349304, -0.5508936047554016, 0.07474129647016525]","[1, 1, 1, 1, 1, 1, 1, 0, 1, 1, 1, 1, 1, 1, 1, 1, 1, 1, 1]"
